,Network Engineer,Full stack,QA/Test Developer,Enterprise application,DevOps,Mobile Developer,Back End,Database Administrator(DBA),Front End,Game developer,System Administrator,Data Scientist,Business analyst,Sales professional,Product Manager,Information Security,Software Developer/Java Developer,Web Developer,Cloud Computing
1,,,,,,,,,,,1.0,,,,,,,,
2,,,,,,,,,,,,,1.0,,,,,,
3,0.27400039350161554,,,0.1773198719123973,,,0.18121678304800443,,,,,,,0.1828725138533339,,0.1845904376846488,,,
4,,,,0.2873418363042423,,,,,,,,,,,,0.2974982762261121,,0.4151598874696456,
5,,1.0,,,,,,,,,,,,,,,,,
6,,,,,1.0,,,,,,,,,,,,,,
7,,,,0.2841219567743796,,,,,,,,,,,,0.2904470457850312,0.4254309974405891,,
8,1.0,,,,,,,,,,,,,,,,,,
9,1.0,,,,,,,,,,,,,,,,,,
10,0.3312215292518343,,,,,,,0.17192790470015185,,,,,0.16573741907132641,,,,0.16057311606121064,0.17054003091547687,
11,1.0,,,,,,,,,,,,,,,,,,
12,1.0,,,,,,,,,,,,,,,,,,
13,,,,,,,,0.5952476620945502,,,,,,,,0.4047523379054499,,,
14,0.13181234494027563,,,,,0.1247306998531025,,,,0.12450668364638519,0.13158859810438608,0.12471137013668425,0.24241692663642045,,,,0.12023337668274581,,
15,,,,,,,,,,,1.0,,,,,,,,
16,,,,,,,,,,,,,,,,,1.0,,
17,,1.0,,,,,,,,,,,,,,,,,
18,,1.0,,,,,,,,,,,,,,,,,
19,,,,,,,0.2296300704638658,,0.21574238125892214,,,,,,,0.21896248056432588,0.33566506771288607,,
20,0.12475228576261928,0.13195738725615777,,0.23085885290735192,,,,,,,0.12811292578723532,,0.12356502055298374,,0.13351632605612268,,,0.12723720167752925,
21,1.0,,,,,,,,,,,,,,,,,,
22,,,,,,,,,,,,,,,,,1.0,,
23,,,,,,,,0.20633933536130156,,0.19448248565051285,,,,0.39264198492660646,,,0.20653619406157908,,
24,0.5788000337899828,,,,,,,,,,,,,,,0.42119996621001726,,,
25,0.13278270983418466,,,,,,0.13239189841456814,,0.12635302659799622,,0.13670456799488434,,,,0.1343269722462367,,0.2123086665150156,0.1251321583971144,
26,0.13278270983418466,,,,,,0.13239189841456814,,0.12635302659799622,,0.13670456799488434,,,,0.1343269722462367,,0.2123086665150156,0.1251321583971144,
27,0.13278270983418466,,,,,,0.13239189841456814,,0.12635302659799622,,0.13670456799488434,,,,0.1343269722462367,,0.2123086665150156,0.1251321583971144,
28,0.13278270983418466,,,,,,0.13239189841456814,,0.12635302659799622,,0.13670456799488434,,,,0.1343269722462367,,0.2123086665150156,0.1251321583971144,
29,,,,,,,,,0.22147411872184122,,,,,0.2246072642937407,,0.21791938591752358,0.3359992310668945,,
30,,,,,,,,,,,,,,,,,1.0,,
31,0.44142910607850994,,,,,,,,0.2782812281295385,,,,,0.28028966579195164,,,,,
32,,,,,,,,,,,,,,,,0.40504369963567466,0.5949563003643255,,
33,,,0.22679167991273494,,,,,0.24417039181962044,,,,,,,,,0.5290379282676446,,
34,0.11234640915447307,,,,,,0.11875724619109673,,0.11238543614108738,,0.12073447250714694,,,0.1920232774067006,0.11776724006544054,,0.11207428997362232,0.1139116285604324,
35,,,,,,,0.22401568522598853,,,,,,,0.21795196500609743,,0.22292679526821033,0.3351055544997037,,
36,,,,,,,,,,,,1.0,,,,,,,
37,0.5865280249675331,,,,,,,,,,,,,,,0.4134719750324669,,,
38,,,,0.39299198059227475,,,,,,,,,,,0.6070080194077252,,,,
39,0.12841318929812903,0.13176221800358284,,,,,,,0.1333367345236806,,0.12962962254285523,,,,0.12845707408927556,,0.21732999663170316,0.13107116491077372,
40,1.0,,,,,,,,,,,,,,,,,,
41,0.3391249395746427,,,,,,,,0.21854470067661017,,,,,0.22001495321972928,,0.2223154065290178,,,
42,,,,,,,,,1.0,,,,,,,,,,
43,,,,,,,,,,,,,,,,1.0,,,
44,0.5902005186157251,,,0.40979948138427486,,,,,,,,,,,,,,,
45,1.0,,,,,,,,,,,,,,,,,,
46,,,,1.0,,,,,,,,,,,,,,,
47,,,,,,,,,,,,,,,,0.41274916803591155,0.5872508319640884,,
48,,,,,,,,,,,,,,,0.5882372160060483,0.4117627839939518,,,
49,0.4186748231136589,,,0.28675763435249974,,,,,,,,,,,,0.29456754253384143,,,
50,,,,,,,,,,,,,,,,,,,1.0
51,,,,,,,,,,,,,,,,,1.0,,
52,,0.11684638323114717,,0.11687552357127283,,0.11016500567996007,0.19804113366059575,,,0.11051318428063339,0.11111614194383829,,,,0.11792675910428117,,0.11851586852827124,,
53,,,,,,,,,,,,1.0,,,,,,,
54,,,,,,,0.22538345995077042,,0.3335356835065693,,,,,0.21991098166050144,,0.2211698748821589,,,
55,,,,,,,,,,,,,,,,,1.0,,
56,,,1.0,,,,,,,,,,,,,,,,
57,,,,0.2900714814961465,,,,,,,0.42538479815151803,,,0.2845437203523354,,,,,
58,,,,,,,,,,,,,,,,,1.0,,
59,,,,,,,,,,,,1.0,,,,,,,
60,,,,,,,,,,,,,1.0,,,,,,
61,,,,,,,,,,,,,,1.0,,,,,
62,,,,,,,,,,,,1.0,,,,,,,
63,,,,,,,,,,,,,,,,,1.0,,
64,,,0.6982880318391292,,,,,,,0.30171196816087076,,,,,,,,,
65,,,0.2006530090710926,,,,,0.1914588717014593,,,,,0.42171183030753107,,,,,,0.18617628891991703
66,0.4244714170064449,,,,,,0.29684973769741224,,0.27867884529614295,,,,,,,,,,
67,,,,,,,,,,,,,,,1.0,,,,
68,,,,,,1.0,,,,,,,,,,,,,
69,,,,0.21306769974332904,,,,,0.21311857261087117,,,,,0.22558294367751774,,0.348230783968282,,,
70,,,,,,,,,,,,,,,,1.0,,,
71,,,1.0,,,,,,,,,,,,,,,,
72,,,,,0.2677722273060199,0.14995509573187504,,0.14134404382345875,,,,0.14554806091570055,0.14397788243551574,,,,,,0.15140268978743013
73,,,,,,,,,,,,,,,1.0,,,,
74,,,,,,,,,1.0,,,,,,,,,,
75,0.127581613584215,0.12999123170004215,,,,,,0.12999434201331636,0.12952794632959438,,,0.1346384044934293,0.2186298394197703,,0.12963662245963267,,,,
76,,,1.0,,,,,,,,,,,,,,,,
77,,,,,,,,,,,,,,,,,1.0,,
78,0.5779605482965946,,,,,,0.4220394517034055,,,,,,,,,,,,
79,,,,,,1.0,,,,,,,,,,,,,
80,,,,,,,,,,,1.0,,,,,,,,
81,1.0,,,,,,,,,,,,,,,,,,
82,0.17648480550975582,,,,,,0.16649266409281055,,,,0.3031583273718205,0.17714673843320497,,,0.17671746459240817,,,,
83,,,,,,,,,,,,,,,1.0,,,,
84,,,,,,,,,,,,,,,1.0,,,,
85,,,,,,,,,,,,,1.0,,,,,,
86,,,,1.0,,,,,,,,,,,,,,,
87,,,,,,,,,,,,,,,1.0,,,,
88,0.5904151196818873,,,,,,,,,,,,,,,0.4095848803181127,,,
89,,,,,,,,,,,,,,,,,1.0,,
90,1.0,,,,,,,,,,,,,,,,,,
91,1.0,,,,,,,,,,,,,,,,,,
92,,,,,,,,,,,,,,,,,1.0,,
93,,,,,,,,,,,,,,,,,,1.0,
94,,1.0,,,,,,,,,,,,,,,,,
95,0.1732588025798845,,,,,0.10094866230862774,0.10696914867531684,,0.10164806410895469,,0.10409330259620604,,0.09985128150479833,,0.10896484869946621,,,0.10368161694620834,0.10058427258053729
96,,,,,,,,,,,1.0,,,,,,,,
97,,,,,,,,,,,1.0,,,,,,,,
98,0.5722514718271875,,,,,,,,,,,,,,,0.4277485281728125,,,
99,,1.0,,,,,,,,,,,,,,,,,
100,,1.0,,,,,,,,,,,,,,,,,
101,,,,,,,1.0,,,,,,,,,,,,
102,,0.1514371667943996,,,,0.1442511092455873,,0.1435853656062238,,,,,0.2618088380026844,,,,0.1489271514159633,0.14999036893514162,
103,0.1498133509795318,0.14930012911210844,,,,,,,,,,0.1420141259573006,0.14695962136198143,,0.26817249903981283,,,0.14374027354926494,
104,,1.0,,,,,,,,,,,,,,,,,
105,,,,,,,,,,,,1.0,,,,,,,
106,,,,,,,,,,,,,,,,,1.0,,
107,,,,,,,,,,,,1.0,,,,,,,
108,,1.0,,,,,,,,,,,,,,,,,
109,,1.0,,,,,,,,,,,,,,,,,
110,1.0,,,,,,,,,,,,,,,,,,
111,1.0,,,,,,,,,,,,,,,,,,
112,,,,,,,,,,,,,1.0,,,,,,
113,,0.5857014829068747,,,,,0.4142985170931253,,,,,,,,,,,,
114,,,,0.28812919202291376,,,,,,,,,0.4190561898853767,,,0.2928146180917096,,,
115,,,,0.17916959105792166,,,0.18355157821408985,,0.17552475751398078,,0.2914727273193127,,,,0.17028134589469515,,,,
116,,,,0.1853181515303748,,,0.1803780183680007,,,,0.17558922300042093,,,0.28559852504884353,0.17311608205236007,,,,
117,,,,,,,,,,,1.0,,,,,,,,
118,,0.5894410554736279,,,,,,,,,,,,0.41055894452637215,,,,,
119,,,,0.2869468920663641,,,,,,,,,,,,0.28906582185018376,0.4239872860834522,,
120,0.3301792673836912,,,0.22257330238611417,,,,,,,,,,0.21947025066652034,,0.2277771795636744,,,
121,0.12899557552632396,0.1287807154898022,,,,,,,0.13403420911701275,,0.13179974372064374,,,,0.2223579065904704,,0.1262374373445203,0.12779441221122664,
122,,,,0.20954376541456973,,,0.21724538990348263,,,,,,,0.22496448657342394,,,0.3482463581085236,,
123,,,,,,,,,,,,,,,,1.0,,,
124,,,,,,,0.4160852382150317,,,,,,,,0.5839147617849683,,,,
125,,,,0.22144313385038325,,,,,,,,,0.34018405292851517,0.2185223340367103,,0.2198504791843913,,,
126,,,,,,,,,,,0.5845839716966966,,,,,0.4154160283033034,,,
127,1.0,,,,,,,,,,,,,,,,,,
128,,,,0.21696957037399364,,,0.22066978874393892,,,,,,,0.21702524099036666,,,0.3453353998917008,,
129,,0.12783720319780215,,0.13404113044208207,,,,,0.1352034958989808,,0.12719861931626814,,,0.13691977606139732,0.12773601308891053,,0.21106376199455906,,
130,,,,0.2123237891211817,,,,,0.21872988396626017,,,,,0.22413052459952754,,,0.34481580231303055,,
131,,,,,,,,,,,,,,,1.0,,,,
132,,,,,1.0,,,,,,,,,,,,,,
133,,,,0.21800867494513945,,,,,,,0.3334432002375744,,,0.21937411300250603,,0.22917401181478017,,,
134,,,,1.0,,,,,,,,,,,,,,,
135,,0.354733091524442,,,,,,,0.21436413934134027,,0.21281057508253748,,,,0.21809219405168034,,,,
136,,,,,,,,,,,,,,,0.581127579777824,0.4188724202221761,,,
137,,,,,,,,,,,,,,0.587997161200825,,0.41200283879917504,,,
138,,,,,,,,,,,,,,,,,1.0,,
139,,,,,,,,,,,,,,,,,1.0,,
140,1.0,,,,,,,,,,,,,,,,,,
141,,,,,,,,,,,,,,,,,1.0,,
142,,,,,,,,,,,,,,,,,1.0,,
143,,,,,,,,,,,,,,,,,1.0,,
144,,,,,,,,,,,,,,,,0.416827127129539,0.5831728728704609,,
145,,0.13015821560415972,,,,0.1283745073731921,,0.12528321225099903,,0.12271718254056858,,,,,,,0.13133642250692795,0.2415230680154498,0.1206073917087028
146,,,,,,,,,,,,,,,,1.0,,,
147,,,,,,,,,,,,,,,1.0,,,,
148,,,,,,,1.0,,,,,,,,,,,,
149,,,,,,,,1.0,,,,,,,,,,,
150,,,,,,,,,,0.19414639796168365,,,0.20463520849843644,,0.39547104328130833,,,,0.20574735025857152
151,,,,,,,,,,,,,,,,0.4128837986821527,0.5871162013178473,,
152,,,,,1.0,,,,,,,,,,,,,,
153,,,,,,,,,,,,,,,,,1.0,,
154,0.17874281012538734,0.1033931599072892,,,,,,0.09772628974101075,0.10679023050770703,,0.10643253983051788,0.09775325690298214,,,0.10518736260025567,,0.10119583451950817,0.10277851586534187,
155,0.10563745695776668,0.10373530929160701,,,,,0.18187611127259073,0.09585115329801895,0.10515169638872555,,,0.10347119915273002,,,0.10517922335360425,,0.09945176032878297,0.09964608995617394,
156,,,0.14000702512041802,,,0.1408210322432861,0.2836824622918141,,,,,,0.1378126213170521,,,,,0.15161149446797578,0.14606536455945382
157,,,,,,,,,,,,,1.0,,,,,,
158,,,,,,,,,,,,,,,1.0,,,,
159,,,,,,,,,,,,0.5894239648651008,,,,0.41057603513489915,,,
160,,,,,,,,,,,,,1.0,,,,,,
161,0.5927305796860118,,,,,,0.40726942031398816,,,,,,,,,,,,
162,0.596066708844224,,,0.4039332911557759,,,,,,,,,,,,,,,
163,,,,,,,,,,,,,,,,,1.0,,
164,0.28796658484025955,,,,,,0.18376988291190746,,0.1734446093100972,,0.17722242982278852,,,,0.17759649311494727,,,,
165,,,,,,,,,,,,,,,,,1.0,,
166,1.0,,,,,,,,,,,,,,,,,,
167,,,,,,,,,,,,,,,1.0,,,,
168,,,,,,,,,,,,,,,,0.400863579311144,,0.5991364206888561,
169,,,,,,,0.4019213866147905,,,,,,,,,,0.5980786133852096,,
170,0.5992118259143226,,,0.40078817408567746,,,,,,,,,,,,,,,
171,,,,,,,1.0,,,,,,,,,,,,
172,,,,1.0,,,,,,,,,,,,,,,
173,,,,,,,,,,,,,,,,0.42621628756065905,0.573783712439341,,
174,,,,0.2744363407175129,,,,,0.2804326816128466,,,,,,0.44513097766964055,,,,
175,,,,,,,,,1.0,,,,,,,,,,
176,0.332611681318513,,,,,,0.22372348375618265,,,,,,,0.2215590483716042,,0.22210578655370009,,,
177,,1.0,,,,,,,,,,,,,,,,,
178,,,,,,,,,,,,,,,1.0,,,,
179,,,,,,,,,1.0,,,,,,,,,,
180,,,,,,,,,,,,,0.5916435808148073,,,0.4083564191851927,,,
181,0.13120179779159635,0.1343445699497332,,,,0.1236006178913794,,,,,0.13253279658874562,,0.12124140599885397,,,,0.22354487427238048,0.1335339375073109,
182,,,,,,,,,,,,1.0,,,,,,,
183,0.24064935977650562,,,,,0.12676628320947111,,0.12504694286041712,,0.1203898574738462,,0.13042886586413863,0.13021262747264525,,,,0.12650606334297615,,
184,,,,,,,,,,,,,1.0,,,,,,
185,,,,,,,,,,,,,,,1.0,,,,
186,,,,,,,,,,,,,1.0,,,,,,
187,0.341143304258516,,,,,,,,0.22060182512191215,,,,,0.2208933768310568,,0.21736149378851505,,,
188,0.4242976131942974,,,,,,0.2883783066138071,,,,,,,,,0.28732408019189554,,,
189,,,,,,,,,,,,,,,,,1.0,,
190,,,,,,1.0,,,,,,,,,,,,,
191,0.4238800942214671,,,,,,0.28652024399473386,,,,,,,,,0.28959966178379903,,,
192,,,,1.0,,,,,,,,,,,,,,,
193,,,,,,,,,,,,,,,,,1.0,,
194,,,,,,,,,,,,1.0,,,,,,,
195,,,,,,1.0,,,,,,,,,,,,,
196,0.3359652634414157,,,,,,0.2250109105050401,,,,,,,0.21867209006497956,,0.2203517359885646,,,
197,0.424770253051439,,,,,,0.29159885527402557,,,,,,,,,0.2836308916745355,,,
198,,,,1.0,,,,,,,,,,,,,,,
199,,,,,,,1.0,,,,,,,,,,,,
200,,,1.0,,,,,,,,,,,,,,,,
201,,,,1.0,,,,,,,,,,,,,,,
202,0.594390732125174,,,,,,,,,,,,,,,0.405609267874826,,,
203,0.3336337412389371,,,0.2145054027285382,,,,,,,,,,0.22644852148977163,,0.22541233454275306,,,
204,0.11789654460767172,0.11848312396937002,,,,0.11478149079473571,,,,0.10993451534693449,,0.11038549522363592,0.10748904018358069,,,,0.11666250801601522,0.204367281858056,
205,,,,1.0,,,,,,,,,,,,,,,
206,,,,,,,,,,,,,,,1.0,,,,
207,,,,,,,,,,,,,,,1.0,,,,
208,,,,,,,,,,,,,,,,,1.0,,
209,,,,,,,,,,,,,,,,0.3978406218802354,,0.6021593781197646,
210,1.0,,,,,,,,,,,,,,,,,,
211,,,,,,,,,,,,,,,1.0,,,,
212,0.17704756725127252,0.16677231167102738,,,,,,,0.18249378242846384,,,,,,0.17622763529078406,0.2974587033584522,,,
213,0.3215316744945712,,,,,,,,,0.165278056388123,0.1736747449079057,,,,,,0.166348553509916,0.17316697069948409,
214,,,,1.0,,,,,,,,,,,,,,,
215,1.0,,,,,,,,,,,,,,,,,,
216,,,,,,,,,,,,,,,,,,1.0,
217,,,,,,,,,,,,,,,,,1.0,,
218,,,,,,,,,,,,,,,,,1.0,,
219,,,,,,,,,1.0,,,,,,,,,,
220,,,,,,,,,,,,,,,,0.41399653647128715,,,0.5860034635287129
221,,,,,,,,,,,,,1.0,,,,,,
222,,,,,,,,,,,,,1.0,,,,,,
223,,,,0.2867393721058304,,,,,,,,,,,,0.29297473738678326,0.42028589050738635,,
224,,,,0.3393549391118194,,,,,0.21536021043844547,,,,,0.2234677771444694,,0.2218170733052657,,,
225,,,,,,,,,,,,,,,,,1.0,,
226,,,,0.17941937207623262,,,,,0.184007085070587,,0.17152272196267224,,0.29225860364390743,,0.17279221724660068,,,,
227,,,,,,,,,,,,,0.5872428885791298,,,0.41275711142087024,,,
228,,,,,,,,,,,1.0,,,,,,,,
229,,,,,,,,,,,,,0.5840850164042394,,,0.41591498359576057,,,
230,,,,0.40272311948960215,,,,,,,,,,,,,,0.597276880510398,
231,,,,,,,,,,,,,,,,,1.0,,
232,,,,,,,,,,,1.0,,,,,,,,
233,,,,,,,,,,,,,1.0,,,,,,
234,,,,,,,,,,,,1.0,,,,,,,
235,0.20649038488283158,0.11791818711740759,,,,0.11585645389204756,,0.10980175740703317,0.11803566867297267,,,0.10957750654642978,0.11057540301415326,,,,,,0.11174463846712439
236,,,,,,,,,,,,,,,,,1.0,,
237,,,,,,,,,,,,,,,,0.40188708262874256,0.5981129173712575,,
238,,,,,,,,,,,,,0.42289638164152105,0.2861430951174127,,0.2909605232410662,,,
239,,,,,,,,,,,,,,,,,1.0,,
240,,,,,,,,,,,,,,,,,,1.0,
241,0.45425229205422923,0.2633350446671762,,,,,,,,,,,,,,0.28241266327859454,,,
242,,,,,,,,,,,,,,,,,1.0,,
243,,,,,,,,,,,,,1.0,,,,,,
244,,,,,,,,,,,,,,,,,1.0,,
245,,,,,,,,,,,1.0,,,,,,,,
246,,0.13140185120562736,,,,0.12628362114829114,,0.22873888587975144,0.133047456120649,,,0.12539043530720828,0.12285635410465168,,,,0.13228139623382112,,
247,0.1285432098585958,0.12433869367945431,0.22642973039285352,,,,,,0.13376823557226494,,0.13218260552268085,,0.12219994912883357,,,,,0.132537575845317,
248,,0.10651340156768252,,,,0.0987265830199618,,0.09720368266152493,,,,0.10367890820871245,0.10657579431089167,,0.18576377421797338,,0.09956382046503129,0.1054628690730231,0.09651116647519893
249,,,,,,,0.40594757330208714,0.5940524266979128,,,,,,,,,,,
250,,,,,,,,,,,,,,,,,1.0,,
251,0.433583416917058,,,0.2770764033500152,,,,,,,,,,,,0.28934017973292675,,,
252,,,,,,,,,,,,,,,,,,,1.0
253,,,,,,,,,,,,,,,,1.0,,,
254,0.5865443667583353,,,,,,,,,,,,,,,0.4134556332416646,,,
255,,,,,,,,,,,,,,,,,1.0,,
256,,,,,,,,,,,1.0,,,,,,,,
257,,,,,,,,,,,,,,,1.0,,,,
258,,,,0.17800243109865585,,,0.17862822594170633,,,,,,,0.18290064936460257,,0.18534584549955024,0.27512284809548493,,
259,,,,,,,,,,,,0.5847409366875755,,,,0.41525906331242457,,,
260,0.14909573824108138,,,0.24269496144140298,,,0.15588709174444423,,0.14836278090710114,,0.15357560187605113,,,,0.15038382578991905,,,,
261,,,,,,,,,,,,,,,,,1.0,,
262,,,0.13594692694512048,0.28402304464228956,,,,0.14302542270319954,,0.1407362647023506,,0.15135464690821976,,,,,,,0.14491369409882
263,,,,,,,,,,,,,,,,,1.0,,
264,,,,,1.0,,,,,,,,,,,,,,
265,,,,,,,,,,,,,,,,,1.0,,
266,,,,,1.0,,,,,,,,,,,,,,
267,,,1.0,,,,,,,,,,,,,,,,
268,,,,,1.0,,,,,,,,,,,,,,
269,,,,,,,,,1.0,,,,,,,,,,
270,0.42622334282343927,,,,,,0.28549557158283445,,,,,,,,,0.2882810855937262,,,
271,,,,,,,,,,,,,0.42250604698803557,0.279166342346651,,0.2983276106653134,,,
272,,,,,,,,,,,,,,,1.0,,,,
273,,,,,,,0.40081001092173013,,,,,,,,,,0.5991899890782699,,
274,1.0,,,,,,,,,,,,,,,,,,
275,,,0.2737948702642426,,,,0.18687294504091045,,0.1735622710216891,,,,,0.1806297700583412,,0.18514014361481665,,,
276,,,,,,,0.3400774883956815,,0.22239875218606941,,0.21705168151780163,,,0.22047207790044743,,,,,
277,1.0,,,,,,,,,,,,,,,,,,
278,0.1311030277121338,,0.24967513514301878,,,0.11933764346566714,,0.12064210474446158,,0.1200789439566861,,,0.12893441016503998,,,,,0.13022873481299269,
279,,,,,,,,,,,,,,,,,1.0,,
280,1.0,,,,,,,,,,,,,,,,,,
281,0.2436444735553229,,,,,,0.1556307472001321,,0.1479203731172139,,0.1505055163214422,,,0.1573865374563301,0.14491235234955885,,,,
282,,,,,,,,,,,,,,,1.0,,,,
283,,,,,,,,,,,,,,,1.0,,,,
284,,,,,,,0.4090274085405251,,,,,,,,,,0.5909725914594748,,
285,,,,,,,,,0.28253009503011467,,,,,0.2827219127013091,,,0.43474799226857624,,
286,,,,,,,,,0.21814093867055223,,,,,0.21855932052191282,,0.22701155554729024,0.3362881852602447,,
287,,,,,,,,,,,,,,,,,,1.0,
288,,,,,,1.0,,,,,,,,,,,,,
289,0.5951647091215222,,,0.4048352908784778,,,,,,,,,,,,,,,
290,0.3323508009118512,,,,,,0.2195304139403313,,,,,,,0.22072642983736615,,0.22739235531045138,,,
291,,,0.5940658803895216,,,,,,,,,,,,,0.4059341196104783,,,
292,1.0,,,,,,,,,,,,,,,,,,
293,,,,,,,,,,,,,,,,,,1.0,
294,,1.0,,,,,,,,,,,,,,,,,
295,,,,,,,0.22346408482691563,,0.2121578701530883,,,,,0.35181719497083763,0.2125608500491585,,,,
296,,,,,,,0.2901000899834233,,,,,,,,,0.28047564707911504,0.42942426293746166,,
297,,,,,,,,,1.0,,,,,,,,,,
298,,,,,,,,1.0,,,,,,,,,,,
299,,,,0.21981053649548213,,,,,,,,,,0.21808607933152666,,0.22948122452508266,0.3326221596479086,,
300,,,,1.0,,,,,,,,,,,,,,,
301,,,,0.22335704691819253,0.3320011426442252,,,,,,,,,0.21539468507333917,,0.22924712536424302,,,
302,,1.0,,,,,,,,,,,,,,,,,
303,0.5882787909953436,,,,,,0.4117212090046564,,,,,,,,,,,,
304,,,,0.15887844220772457,0.23744630241528566,,0.1521454596043509,,,,0.14808482514551355,,,0.15771078121138135,0.14573418941574387,,,,
305,,,0.5923568763205556,,,,0.40764312367944444,,,,,,,,,,,,
306,,,,0.2838375413830329,,,,,,,,,,,0.42125774863250964,0.29490470998445745,,,
307,,,,,,,,,,,,,,,0.581127579777824,0.4188724202221761,,,
308,,,,,,,,,,,,,,,,,1.0,,
309,,,,,,,,,1.0,,,,,,,,,,
310,,,,,,,0.4135338432284229,,,,,,,,,,0.5864661567715771,,
311,0.4264613214414638,,,,,,0.28756001033587625,,,,,,,,,0.28597866822265994,,,
312,0.42579603184492953,,,,,,0.2878535292759278,,,,,,,,,0.28635043887914274,,,
313,,,,,,,,,,,,,,,,,1.0,,
314,0.42329989491302555,,,,,,0.2885903366736188,,,,,,,,,0.28810976841335567,,,
315,,,,,,,,,,,,,,,,,,1.0,
316,,,,,,,,,,,,,,,,1.0,,,
317,,,,,,,,,,,,,,,,,1.0,,
318,1.0,,,,,,,,,,,,,,,,,,
319,,,,0.22310896599655072,,,0.2183986641967374,0.34560435078902096,,,,,,0.21288801901769097,,,,,
320,,,,,,0.16782474607218922,,,,0.16122726647906008,,,0.3533975368061489,,,,0.15997368552236846,,0.15757676512023347
321,,,0.3265116000358451,,,,,,,,,,,,,,0.6734883999641549,,
322,,,,,,,,,,,,,0.5925299139587609,,,0.40747008604123913,,,
323,0.1281488964890817,,,0.1382391624565479,,,0.1303545179438717,,,,0.13594719176666883,,0.2058426110127122,0.13375002083945345,0.12771759949166422,,,,
324,,,,0.29001597159903575,,,,,,,0.4171165491099951,,,,,0.29286747929096923,,,
325,,,,,,,,,,,1.0,,,,,,,,
326,,,0.3419387332977669,0.22298932837653707,,,,,,,,,,0.22469052418789923,0.2103814141377967,,,,
327,,,1.0,,,,,,,,,,,,,,,,
328,,,,0.27831502409071934,,,,,,,,0.4301493475300372,,,,0.29153562837924335,,,
329,,,1.0,,,,,,,,,,,,,,,,
330,,0.1064136506533776,,,,,0.10704191839618675,0.10235839794314658,0.10226205736991038,,0.17864711324760219,0.10046765399868911,,,,,0.10225905920970126,0.10264420471215815,0.09790594446922803
331,,,,,,,,,,,,,,,,,,1.0,
332,,,1.0,,,,,,,,,,,,,,,,
333,,,,,,,,,,,,,,,,,,,1.0
334,,,,,,,,,,,,,,,,,1.0,,
335,1.0,,,,,,,,,,,,,,,,,,
336,,,,,,,,,,,,,,,,,1.0,,
337,,,,,,,,,,,,,0.42189019392345456,0.28877478283532904,,0.2893350232412164,,,
338,,0.17525279002859606,,0.1776450134381247,,,,,,,0.1731829877276757,,,0.2967931517871366,0.17712605701846695,,,,
339,,,,,,,,,,,,,,,,,1.0,,
340,,0.2716338183756269,,,,,,,,,0.47097877212343564,,,,,,,0.25738740950093747,
341,,,,,,,,,,,,,,,,,1.0,,
342,0.1273564527968434,,,0.13677943571372803,,,0.12734559437497844,,,,0.1372310012973622,,0.20848261528836937,0.13702832599981343,0.12577657452890517,,,,
343,,,,,,,,,,,,,,,,,1.0,,
344,0.58536805261407,,,,,,,,,,,,,,,0.41463194738593007,,,
345,,,,,,,,,0.3932073596112944,,,,,,,,,,0.6067926403887056
346,,,,,,,,,,,,,,,,,1.0,,
347,,,,,,,,,,,,,,,,,1.0,,
348,,,,,,,,,,,,1.0,,,,,,,
349,,,,,,,,,,,,,,,,,,1.0,
350,0.28582254576067767,,,0.1840988959178776,,,,,0.17798545845041383,,0.1712542930125632,,,,0.18083880685846773,,,,
351,0.2521128240410675,0.14425558413268963,,,,,,,0.15171371054594052,,0.15035567420236334,,,,0.1554635759669617,,,0.1460986311109773,
352,,,1.0,,,,,,,,,,,,,,,,
353,,,,,,,,,,,,,,,,,1.0,,
354,0.2321567061684078,0.1338452175436621,,,,0.12742734143006745,,0.12108767439026921,,,,,0.12698736313955905,,,,0.12576119588120738,0.132734501446827,
355,,,,,,,,,,,,,,,,,1.0,,
356,,,,0.21170746496568432,,0.11466253221684532,,0.11123378494579764,,,,0.1109365124410266,0.11154141912818927,,,,0.11295814777567868,0.11928419729166526,0.10767594123511297
357,,,,0.22691647473490553,,,,,,,0.2199538785431239,,,0.2187907709877627,,0.3343388757342079,,,
358,,,,,,,,,,,,1.0,,,,,,,
359,,,,,,,,,,,,,,,,,1.0,,
360,1.0,,,,,,,,,,,,,,,,,,
361,0.33029836304313137,,,,,,0.22707164035548263,,,,,,,0.22215406068871082,,0.22047593591267514,,,
362,1.0,,,,,,,,,,,,,,,,,,
363,,,,,,,,,,,,,,,,0.40911323127580174,0.5908867687241982,,
364,,,,,,,,,,,,,,,,,1.0,,
365,,,,,,,,,,,,,,,0.581127579777824,0.4188724202221761,,,
366,,,,,,,,,,,,,,,,,1.0,,
367,,0.1707810317377571,,0.18090589541329855,,,,,0.18008834132537596,,,,,0.18421376049108149,,,0.28401097103248696,,
368,0.1341318096840269,,,0.13417361752342924,,,,,0.13247842912313532,,0.13193564558883625,,0.12247625099120796,0.21210805031381066,0.13269619677555372,,,,
369,0.3415859388936083,,,,,,,,0.2187474592589517,,,,,0.21805645301430562,,0.22161014883313437,,,
370,,,,,1.0,,,,,,,,,,,,,,
371,,1.0,,,,,,,,,,,,,,,,,
372,,,,,,,,,,,,,,0.27576454553393553,,0.28772685548274884,0.43650859898331557,,
373,,,,,,,,,,,,,,,1.0,,,,
374,0.17450373181736778,,,,,,,0.17495570058448878,,,0.1830959594389441,0.289097019284211,,0.1783475888749883,,,,,
375,,,,,,,0.2224796678879777,,,,,,,0.22695685327321632,0.3349495245210815,0.2156139543177246,,,
376,0.13102510455081554,0.12951080366576917,,0.2243492838686654,,0.12281125773803722,,,,,0.134262306251564,,,,,,0.12488237436730763,0.13315886955784095,
377,0.3438889361026068,,,,,,,,0.2264062944029635,,,,,0.2159059796686527,,0.21379878982577696,,,
378,1.0,,,,,,,,,,,,,,,,,,
379,,,1.0,,,,,,,,,,,,,,,,
380,,,,0.2885894622059412,,,,,,,,,,,,0.2963882597944939,0.4150222779995649,,
381,,0.11746741721424239,,,,0.10839146282039233,,0.11123959609790213,0.1177568513595775,,,,0.11478612483392746,,,,0.10872528396061457,0.11576271301806414,0.20587055069527946
382,,0.09894242647801679,,,,0.10011952229915368,0.10373383388227783,,0.09952640570415602,,,0.1012428749598269,0.10067627180127495,,0.10913616039933753,,0.1801444409921677,0.1064780634837887,
383,,,,,,,,,,1.0,,,,,,,,,
384,,,,,,,,,0.39242332570571403,,,,,,,,,0.607576674294286,
385,,,,,,,,,,,,,,,0.28468109979295814,,,0.287747558845927,0.4275713413611149
386,,,,0.21276653532709952,,,0.2264675410948739,,0.2109733944457723,,,,,,,,0.3497925291322543,,
387,,,,,,0.5731673719259687,0.42683262807403133,,,,,,,,,,,,
388,,,,,,,,,,,,,,,,,,1.0,
389,0.24635622387185557,,,,,,0.14920109254108904,0.14802399847076445,,,,,,,0.15512076709942416,,0.14931000212425838,0.1519879158926084,
390,,,,,,,,,,,,,,,,,,,1.0
391,,,0.1989780208710475,,,,,,,0.20511091226437578,,,0.3957494826505005,,,,,,0.2001615842140761
392,,1.0,,,,,,,,,,,,,,,,,
393,,,,,,,,,,,,,,,,,1.0,,
394,,,,,,,,,,,,,,,,,,1.0,
395,,,,0.17921858740854815,,,,,0.18011353618473971,,0.16968882893929965,,,,0.17236032928028566,,0.2986187181871268,,
396,,,,,,,,,,,,0.5948338736713152,,,,0.40516612632868476,,,
397,,,,,,,,,,,,,,,,,1.0,,
398,,,,,,,0.2282799459585105,,,,,,,0.22020838057130107,,0.22115728280302804,,0.33035439066716044,
399,0.5829747851784328,,,,,,,,,,,,,,,0.41702521482156724,,,
400,,,1.0,,,,,,,,,,,,,,,,
401,,,,,,,,,,,,,,,,,1.0,,
402,,1.0,,,,,,,,,,,,,,,,,
403,,,,,,,,,,,,,,,,,1.0,,
404,,,,,,,0.2240611504482557,,,,,,,0.21886929204148725,,0.2212071225294148,0.33586243498084223,,
405,,1.0,,,,,,,,,,,,,,,,,
406,,1.0,,,,,,,,,,,,,,,,,
407,1.0,,,,,,,,,,,,,,,,,,
408,0.2100566738735623,0.12635100656864576,,0.13461767294148017,,,,,0.1314404312395459,,0.1355699296868001,,,0.1349866487451735,0.12697763694479222,,,,
409,0.4174746146671198,,,0.2847678869089211,,,,,,,,,,,,0.297757498423959,,,
410,0.17663637960909598,0.16927817701011613,,,,,,,,,,,0.17898107284891793,,0.3033208746960858,,,0.17178349583578414,
411,0.1490493821434655,0.144828012080617,,,,,,,,,0.15187777816141013,,0.1505853561225747,,0.25751392062349737,,,0.14614555086843528,
412,,,,,,,,,,,0.5874028163622896,,,,,0.41259718363771036,,,
413,0.17362146553761387,,,,,,0.17698748000974585,,,,0.2873122199150312,,,0.18602757823415333,0.1760512563034559,,,,
414,,,,1.0,,,,,,,,,,,,,,,
415,0.1794541608621259,,,0.2857019602457473,,,0.1744808714842688,,,,,,,0.18635218166340245,0.17401082574445564,,,,
416,,,,,,,,,,,,,,,,,1.0,,
417,,,,1.0,,,,,,,,,,,,,,,
418,0.17362146553761387,,,,,,0.17698748000974585,,,,0.2873122199150312,,,0.18602757823415333,0.1760512563034559,,,,
419,,1.0,,,,,,,,,,,,,,,,,
420,,,,,,,,,,,0.5874028163622896,,,,,0.41259718363771036,,,
421,0.1490493821434655,0.144828012080617,,,,,,,,,0.15187777816141013,,0.1505853561225747,,0.25751392062349737,,,0.14614555086843528,
422,,,,,,,,,,,,,,,1.0,,,,
423,0.4174746146671198,,,0.2847678869089211,,,,,,,,,,,,0.297757498423959,,,
424,0.2100566738735623,0.12635100656864576,,0.13461767294148017,,,,,0.1314404312395459,,0.1355699296868001,,,0.1349866487451735,0.12697763694479222,,,,
425,1.0,,,,,,,,,,,,,,,,,,
426,,1.0,,,,,,,,,,,,,,,,,
427,,,,,,,,,,,,,,,,,1.0,,
428,,,1.0,,,,,,,,,,,,,,,,
429,,,1.0,,,,,,,,,,,,,,,,
430,,1.0,,,,,,,,,,,,,,,,,
431,1.0,,,,,,,,,,,,,,,,,,
432,1.0,,,,,,,,,,,,,,,,,,
433,0.3323508009118512,,,,,,0.2195304139403313,,,,,,,0.22072642983736615,,0.22739235531045138,,,
434,,,,,,,,,,,,1.0,,,,,,,
435,,,0.5940658803895216,,,,,,,,,,,,,0.4059341196104783,,,
436,,,,,,,0.2240611504482557,,,,,,,0.21886929204148725,,0.2212071225294148,0.33586243498084223,,
437,0.5829747851784328,,,,,,,,,,,,,,,0.41702521482156724,,,
438,,,,,,,0.2282799459585105,,,,,,,0.22020838057130107,,0.22115728280302804,,0.33035439066716044,
439,,,,,,,,,,,,,,,,0.40925461757725895,0.5907453824227411,,
440,,,,,0.2752993321889917,,,0.13930663759908296,,0.14039685749097303,,0.14617980430170022,0.14986402742834623,,,,,,0.14895334099090585
441,,,,,,,,,,,,,,,,,,,1.0
442,1.0,,,,,,,,,,,,,,,,,,
443,1.0,,,,,,,,,,,,,,,,,,
444,,,,,,,,,,,,,,,,1.0,,,
445,,,,,,,,,,,,,,,,1.0,,,
446,,,,,,,,,,,,1.0,,,,,,,
447,0.35235207552603465,,,,,,,,0.21301783965963464,,0.2197947652321091,,,,0.2148353195822215,,,,
448,0.1720777036067517,,,0.18813232129041352,,,,,,,0.17821459494915906,,,0.18122590558014617,,,,,0.28034947457352954
449,,,,,,,,,,,,,,,,,1.0,,
450,,,0.11647292529695552,,,0.1284332471257066,,0.130824295579058,,0.11861560656183666,,,,,,0.24704651380679565,0.13062009321528886,,0.12798731841435873
451,,,0.23270834703749932,,,,,,,0.24673567452614975,,,0.5205559784363509,,,,,,
452,,1.0,,,,,,,,,,,,,,,,,
453,,,0.3345761447889732,0.2158288009282851,,,,,,,,,,0.2225101735880103,,0.22708488069473146,,,
454,,,,,,,,,,,,,,,,,,1.0,
455,,,,,,,,,,,,,,,,,1.0,,
456,,,,,,,,,,,,,,0.28542087519837767,0.41912486308421587,0.2954542617174064,,,
457,0.5868163619385707,,,,,,,,,,,,,,,0.4131836380614293,,,
458,1.0,,,,,,,,,,,,,,,,,,
459,,,,,,,,,0.21531056638733717,,,0.34450534238816194,,0.21928255083589684,,0.22090154038860407,,,
460,0.10158900880227957,0.10063566865737064,,,,,,,0.10310100209469669,,0.10372204981471281,,,0.10718646436317344,0.10038051373753355,,0.10330332973731164,0.10417077040683596,0.17591119238608582
461,,,,,,,,,0.21886563800868275,,,,,,0.20978219061754524,0.22387260556398864,,0.3474795658097833,
462,,1.0,,,,,,,,,,,,,,,,,
463,,,,0.22590155120052974,,,,,,,,,,0.21449490288275513,,0.22778554184516822,,0.3318180040715468,
464,,,,,,,,,,,,,,,,,1.0,,
465,0.41907961520514275,,,0.2908452693814644,,,,,,,,,,,,0.2900751154133928,,,
466,,,,,,,,,,,,,1.0,,,,,,
467,0.12634395821631858,,,,0.22120491680612872,,,,,,0.12845814603047548,,,,,0.1339391361799699,0.13533245596853907,0.12834496307271806,0.12637642372585012
468,,,,0.28769094608040274,,,,0.43122562176695267,,,0.28108343215264464,,,,,,,,
469,,,,,,,,,,,,,,,,,1.0,,
470,,,1.0,,,,,,,,,,,,,,,,
471,1.0,,,,,,,,,,,,,,,,,,
472,,,,0.5982875682674564,,,,,,,,,,,,0.4017124317325436,,,
473,,,,0.18262273734322015,,,0.18539346101170967,,0.1740935946012214,,0.17372891993468373,,,,0.2841612871091651,,,,
474,1.0,,,,,,,,,,,,,,,,,,
475,1.0,,,,,,,,,,,,,,,,,,
476,,,,,,,,,,,,1.0,,,,,,,
477,,,,0.4230662463353451,,,,,,,,,,0.283369465494895,,0.2935642881697598,,,
478,,,,0.27867678913004335,,,,,,,0.43102561427832864,,,,,,0.29029759659162807,,
479,,,,,,,,,,,,,1.0,,,,,,
480,,,,,,,,,,,,,,1.0,,,,,
481,,,,,,,,,,,,,,,,,,1.0,
482,,0.13124373834316325,0.12161202773312899,,,0.23048916643862077,,0.1289733315007264,0.1330997094971871,,,0.1314078043687603,0.12317422211841313,,,,,,
483,,,,,,,,,,,,,,,,,1.0,,
484,1.0,,,,,,,,,,,,,,,,,,
485,,,,,,,,,,,,,,,1.0,,,,
486,0.599733451903999,,,,,,,,,,,,,,,0.40026654809600104,,,
487,,,,,,,,,,,,,,,,,1.0,,
488,,,,,,,,0.5863125592288922,,,,,,,,0.41368744077110775,,,
489,,,,0.13261216006750115,,,0.13636563281741484,,0.126005172634518,,0.12820436902748242,,0.21188483355736745,0.1365258431521549,0.1284019887435613,,,,
490,,,,0.41574896706360576,,,,,,,,,,,,,0.5842510329363941,,
491,,,0.13729795522710525,,,,0.28602513694321346,0.14006238870419493,,0.1466934551518068,,0.1465478523033884,,,,,,,0.14337321167029107
492,,,,,,,,,,,,,,,,,1.0,,
493,,,,,,,,0.5952476620945502,,,,,,,,0.4047523379054499,,,
494,,,,,,,,,,,,,1.0,,,,,,
495,,,,,,,,,,,,,,,,1.0,,,
496,,,,0.583896999198187,,,,,,,,,,,,0.41610300080181295,,,
497,,,,,,0.1662442946265867,,,,0.16575641347212222,,0.1709966456091289,0.16921811589833602,,,,0.32778453039382616,,
498,,,,,,,0.40639479810960133,,,,,,,,,,0.5936052018903988,,
499,,,,,,,,,,,,,,,,,1.0,,
500,,,,,,,,,,,,,,1.0,,,,,
501,1.0,,,,,,,,,,,,,,,,,,
502,,,,0.24508807783584066,,,0.15599797358683512,,0.14758511573483085,,0.14602078420558895,,,0.15908272521153552,0.1462253234253689,,,,
503,0.42204474069211206,,,,,,0.2906673285960596,,,,,,,,,0.2872879307118283,,,
504,1.0,,,,,,,,,,,,,,,,,,
505,,1.0,,,,,,,,,,,,,,,,,
506,,,,,,,,,,,,,,,,,1.0,,
507,,,,,,,,,,,,,,,,,1.0,,
508,0.18174259398225212,0.1060274969762557,,,,0.0994011945179862,,0.09854972434369773,0.10787484050336796,,,,0.09980014841825917,,,,0.10175582377204685,0.10655443552444933,0.09829374196168486
509,0.13094608867882593,0.12630070149596961,,,,,,,0.13429856172557297,,,0.1256878738392985,0.22688762441857072,,0.1330749970680927,,,0.1228041527736695,
510,0.3240985014924233,,,0.2231760833528144,,,,,,,,,,0.21955033425611362,,0.23317508089864872,,,
511,0.5915391728267273,,,,,,0.40846082717327276,,,,,,,,,,,,
512,,0.4136075242083373,,,,,0.30036107833926584,,0.28603139745239675,,,,,,,,,,
513,,,,,,,,,,,,,,,1.0,,,,
514,,,,,,,,,,,,,,0.590698050819515,,0.40930194918048496,,,
515,0.6064138763540318,,,0.3935861236459683,,,,,,,,,,,,,,,
516,,,,,,,0.2909362925298008,,,,,0.42462263033473985,,,,0.2844410771354594,,,
517,,,,,,0.14187904532177015,,0.14811269461748833,,0.1412515571843235,,,,,,0.2945299618474549,0.13911141972042604,,0.13511532130853712
518,,,,,,,,,,,,,,,1.0,,,,
519,,,,,,,,,0.2729942591247218,,,,0.4386420080507936,0.28836373282448446,,,,,
520,,,,,,,,,1.0,,,,,,,,,,
521,,,,,,,,,1.0,,,,,,,,,,
522,,,,,,,0.413477352671436,,,,,,,,,,0.586522647328564,,
523,0.5850087984467964,,,,,,,,,,,,,,,0.4149912015532035,,,
524,,,,,,,,,1.0,,,,,,,,,,
525,,,,0.2875438719670444,,,,,,,,,,,,0.2917002247630834,0.4207559032698723,,
526,,,,,,,,,,,,,,,,,,1.0,
527,0.14569354916007843,0.14959565432167576,,,,,,,,,0.1501855820862311,0.2598690643900427,0.14156567685954521,,0.15309047318242677,,,,
528,,,,,,,,,,,,,,,,,1.0,,
529,0.28935128853940106,,,0.1825007332683988,,,,,0.1753642932451796,,0.17714287629516925,,,,0.17564080865185122,,,,
530,,,,,,,,,,,,,,,,,1.0,,
531,1.0,,,,,,,,,,,,,,,,,,
532,,,,0.29081641368170436,,,,,,,,,,,,0.2909040124854241,0.4182795738328715,,
533,,,0.24675894170411922,0.5085203865994382,,,,,,0.24472067169644252,,,,,,,,,
534,,,,0.22095544322619695,,,0.22380667217102237,,0.2110288332930508,,,,,0.34420905130972984,,,,,
535,,,0.5908888389362768,,,,,,,,,,,,,0.40911116106372336,,,
536,,,,,,,,,,,,,,,,,1.0,,
537,0.33933844807900015,,,,,,,,0.21629560899476616,,,,,0.22312821351665896,,0.22123772940957473,,,
538,0.5747102020349102,,,,,,,,,,,,,,,0.42528979796508987,,,
539,,,,,,,,,,,,,,,,,1.0,,
540,,,0.14594108330915123,,,0.1486330504013132,,0.2696314138165858,0.14309842975237574,,,,0.14664582983099556,,,,,,0.1460501928895785
541,,,0.2684641568651387,,,0.15042523007540654,,0.1423092854710434,,,,0.14945835469569452,0.14777119599156635,,,,,,0.14157177690115055
542,,,0.18920024528978846,0.4102863750064748,,,,0.20029130710939905,,0.2002220725943376,,,,,,,,,
543,,,,1.0,,,,,,,,,,,,,,,
544,0.4240781584366615,,,,,,,,,,,,,0.28690593729172476,,0.2890159042716137,,,
545,,1.0,,,,,,,,,,,,,,,,,
546,1.0,,,,,,,,,,,,,,,,,,
547,1.0,,,,,,,,,,,,,,,,,,
548,,,,,,,,,,,,,,,,,1.0,,
549,,,,0.2133043190185966,,,,,0.2232572295812146,,,,0.3537673597999606,,0.20967109160022815,,,,
550,,,,,,,,,,,,,,,,0.40305045396151357,0.5969495460384865,,
551,,,,,,,0.2935927989769793,,,,,,,,,0.28400859695591524,,0.4223986040671055,
552,0.12096648873840124,0.1114938541106832,,,,,0.19367402091318198,,,,0.11682289491918979,0.11173963764862718,,,0.11423445419726397,,0.11434523322268238,0.11672341624997012,
553,0.28582254576067767,,,0.1840988959178776,,,,,0.17798545845041383,,0.1712542930125632,,,,0.18083880685846773,,,,
554,0.2521128240410675,0.14425558413268963,,,,,,,0.15171371054594052,,0.15035567420236334,,,,0.1554635759669617,,,0.1460986311109773,
555,,,,0.398792242912343,,,,,,,,,,,0.6012077570876571,,,,
556,,,,,,,,,,,,,,,1.0,,,,
557,0.17553822226985807,0.17486107785168303,,,,,,,,,,,0.1703739566434477,,0.3093668220315216,,,0.16985992120348964,
558,,,,0.22576173997445173,,,0.21399291694672087,,,,,,0.3462654185884703,,0.21397992449035713,,,,
559,1.0,,,,,,,,,,,,,,,,,,
560,0.1188543712335124,0.11652095282809972,,,,0.11032390952721796,,0.1130499332438788,0.11207214317344297,,0.19828888955608082,0.11312602040120129,,,0.11776378003656594,,,,
561,1.0,,,,,,,,,,,,,,,,,,
562,1.0,,,,,,,,,,,,,,,,,,
563,,,0.33958787400760104,,,,,,0.21339111670592928,,,,,0.2241984639463106,,0.22282254534015913,,,
564,,,,,,,,,,,,,,,,,1.0,,
565,,,,,,,,,,,,,,,,,1.0,,
566,,,,0.15925997978725062,,,,0.15089625402684811,,,0.14842465493347048,0.1459383837252419,,0.147984973121049,,,0.24749575440614,,
567,,0.14285861159504903,,0.15233782244868574,,,,0.24745508022161414,0.15420185383408644,,0.15493596181734703,,,,0.14821067008321756,,,,
568,0.5927305796860118,,,,,,0.40726942031398816,,,,,,,,,,,,
569,,0.1718979956841323,,,,0.17018198403461665,0.3132739087339082,,,,,0.16895004255833954,,,,,,0.17569606898900325,
570,1.0,,,,,,,,,,,,,,,,,,
571,,,,,,,,,,,,,,,1.0,,,,
572,0.2748404187161257,,,,,,0.1847023700115425,,0.1750931769478723,,,,,0.1803445705535979,,0.18501946377086162,,,
573,0.3347455217882417,,,0.22504580583398898,,,,,,,0.2188851976188014,,,0.22132347475896802,,,,,
574,,1.0,,,,,,,,,,,,,,,,,
575,0.41862779240290515,,,0.2862962674858373,,,,,,,,,,,,0.2950759401112576,,,
576,,0.13216219607444862,,,,0.12465792041291002,,,,,0.12488186327880574,,,0.13571572481012478,0.12733595183274146,,0.2186270364133193,0.13661930717765017,
577,,,,,,,,,,,,,1.0,,,,,,
578,,,,,,,,,,,,,,,,,1.0,,
579,,,,,1.0,,,,,,,,,,,,,,
580,,1.0,,,,,,,,,,,,,,,,,
581,1.0,,,,,,,,,,,,,,,,,,
582,,,,,,,,,,,,,1.0,,,,,,
583,0.3174613185459583,,,,,,,0.17939176594529044,,,,0.16824086872380684,,,,,0.16855038013142007,0.1663556666535243,
584,,,,,,,,,,,1.0,,,,,,,,
585,1.0,,,,,,,,,,,,,,,,,,
586,1.0,,,,,,,,,,,,,,,,,,
587,1.0,,,,,,,,,,,,,,,,,,
588,,,,,,,,,,,,,1.0,,,,,,
589,0.3174613185459583,,,,,,,0.17939176594529044,,,,0.16824086872380684,,,,,0.16855038013142007,0.1663556666535243,
590,,,,,,,,,,,1.0,,,,,,,,
591,1.0,,,,,,,,,,,,,,,,,,
592,1.0,,,,,,,,,,,,,,,,,,
593,,,,,,,,,,,,,0.5804604923942503,,,0.4195395076057496,,,
594,0.14830254988443017,,,,,,,,,,0.1534337975817487,0.1404316836509691,0.142164639781533,0.27186377930034117,,,,0.1438035498009779,
595,1.0,,,,,,,,,,,,,,,,,,
596,,,,0.1820331563690021,,,,,0.17890388125766926,,0.17797423846022567,,0.29067369577949276,,0.17041502813361029,,,,
597,,,,,,,,,,,,,,,,,,1.0,
598,,,,0.2846034901172173,,,,,,,,,,0.2814569641318767,0.43393954575090593,,,,
599,,,,,,,,0.6992999644137007,,0.3007000355862993,,,,,,,,,
600,1.0,,,,,,,,,,,,,,,,,,
601,,0.598390485293536,,0.4016095147064641,,,,,,,,,,,,,,,
602,,,,0.22132897011236627,,,,0.341151969306691,,,0.21322722253619678,,,0.22429183804474592,,,,,
603,,,,,,,0.4054687623268854,,,,,,,,,,,0.5945312376731146,
604,0.30024479672972215,0.17176723124863477,,,,,,,0.1768986251021639,,,,,,0.18204991461319547,,,0.16903943230628368,
605,,,,0.43655536214980867,,,,,0.2801894222771358,,,,,0.2832552155730555,,,,,
606,1.0,,,,,,,,,,,,,,,,,,
607,,,,,,,,,,,,,,,,,1.0,,
608,0.17430832811314095,0.10216863679336317,,,,,0.10389595412516446,0.10106546317055731,,,,0.10131681661358478,0.10095261294536285,,0.10720354577816257,,0.10444571052788598,0.1046429319327779,
609,,,,,,,,,1.0,,,,,,,,,,
610,,,,0.22203134493356436,,,,,,,0.34209890856395886,,,,,0.22173547897640047,0.2141342675260762,,
611,0.10580039827356996,0.09921858562910266,,,,,,0.1026382946856582,,,0.17274851750379516,0.10079765014606862,,0.10627213806689731,0.10226533799860381,,0.10774159747591698,0.10251748022038723,
612,0.13029371925109676,,,,,,0.13094879680479854,0.1265282424929966,0.12579298261382357,,,,,,0.13296478570768203,,0.2288096486234501,,0.12466182450615243
613,,,,,,,,,,,,,,,,0.3999738857217507,0.6000261142782494,,
614,,,,,,,,,,,,,,,,,1.0,,
615,,,,,,,,,,,,,,,1.0,,,,
