Job_Id,Academic researcher,Back End,Cloud Computing,Data Scientist,Data or business analyst,Database Administrator(DBA),Designer,DevOps,"Developer, QA or test","Developer, back-end","Developer, desktop or enterprise applications","Developer, embedded applications or devices","Developer, front-end","Developer, full-stack","Developer, game or graphics","Developer, mobile",Educator,"Engineer, data","Engineer, site reliability",Engineering manager,Enterprise application,Front End,Full stack,Game developer,Information Security,Mobile Developer,Network Engineer,Product Manager,QA/Test Developer,Sales professional,Scientist,Senior executive/VP,Software Developer/Java Developer,Student,System Administrator,Web Developer
1,0,,,,,,0,,0,0,0,0,0,0,0,0,0,0,0,0,,,,,,,,,,,0,0,,0,1.0,
2,0,,,,1.0,,0,,0,0,0,0,0,0,0,0,0,0,0,0,,,,,,,,,,,0,0,,0,,
3,0,0.18121678304800445,,,,,0,,0,0,0,0,0,0,0,0,0,0,0,0,0.1773198719123973,,,,0.1845904376846488,,0.27400039350161554,,,0.1828725138533339,0,0,,0,,
4,0,,,,,,0,,0,0,0,0,0,0,0,0,0,0,0,0,0.2873418363042423,,,,0.2974982762261121,,,,,,0,0,,0,,0.4151598874696456
5,0,,,,,,0,,0,0,0,0,0,0,0,0,0,0,0,0,,,1.0,,,,,,,,0,0,,0,,
6,0,,,,,,0,1.0,0,0,0,0,0,0,0,0,0,0,0,0,,,,,,,,,,,0,0,,0,,
7,0,,,,,,0,,0,0,0,0,0,0,0,0,0,0,0,0,0.2841219567743796,,,,0.2904470457850312,,,,,,0,0,0.4254309974405891,0,,
8,0,,,,,,0,,0,0,0,0,0,0,0,0,0,0,0,0,,,,,,,1.0,,,,0,0,,0,,
9,0,,,,,,0,,0,0,0,0,0,0,0,0,0,0,0,0,,,,,,,1.0,,,,0,0,,0,,
10,0,,,,0.1657374190713264,0.17192790470015185,0,,0,0,0,0,0,0,0,0,0,0,0,0,,,,,,,0.3312215292518343,,,,0,0,0.16057311606121066,0,,0.17054003091547687
11,0,,,,,,0,,0,0,0,0,0,0,0,0,0,0,0,0,,,,,,,1.0,,,,0,0,,0,,
12,0,,,,,,0,,0,0,0,0,0,0,0,0,0,0,0,0,,,,,,,1.0,,,,0,0,,0,,
13,0,,,,,0.5952476620945502,0,,0,0,0,0,0,0,0,0,0,0,0,0,,,,,0.4047523379054499,,,,,,0,0,,0,,
14,0,,,0.12471137013668425,0.24241692663642045,,0,,0,0,0,0,0,0,0,0,0,0,0,0,,,,0.1245066836463852,,0.1247306998531025,0.13181234494027566,,,,0,0,0.1202333766827458,0,0.13158859810438608,
15,0,,,,,,0,,0,0,0,0,0,0,0,0,0,0,0,0,,,,,,,,,,,0,0,,0,1.0,
16,0,,,,,,0,,0,0,0,0,0,0,0,0,0,0,0,0,,,,,,,,,,,0,0,1.0,0,,
17,0,,,,,,0,,0,0,0,0,0,0,0,0,0,0,0,0,,,1.0,,,,,,,,0,0,,0,,
18,0,,,,,,0,,0,0,0,0,0,0,0,0,0,0,0,0,,,1.0,,,,,,,,0,0,,0,,
19,0,0.2296300704638658,,,,,0,,0,0,0,0,0,0,0,0,0,0,0,0,,0.21574238125892206,,,0.21896248056432588,,,,,,0,0,0.3356650677128861,0,,
20,0,,,,0.12356502055298375,,0,,0,0,0,0,0,0,0,0,0,0,0,0,0.2308588529073519,,0.13195738725615774,,,,0.12475228576261928,0.13351632605612268,,,0,0,,0,0.12811292578723532,0.12723720167752925
21,0,,,,,,0,,0,0,0,0,0,0,0,0,0,0,0,0,,,,,,,1.0,,,,0,0,,0,,
22,0,,,,,,0,,0,0,0,0,0,0,0,0,0,0,0,0,,,,,,,,,,,0,0,1.0,0,,
23,0,,,,,0.2063393353613016,0,,0,0,0,0,0,0,0,0,0,0,0,0,,,,0.19448248565051285,,,,,,0.3926419849266065,0,0,0.20653619406157908,0,,
24,0,,,,,,0,,0,0,0,0,0,0,0,0,0,0,0,0,,,,,0.4211999662100173,,0.5788000337899828,,,,0,0,,0,,
25,0,0.13239189841456814,,,,,0,,0,0,0,0,0,0,0,0,0,0,0,0,,0.12635302659799622,,,,,0.13278270983418464,0.1343269722462367,,,0,0,0.2123086665150156,0,0.13670456799488434,0.1251321583971144
26,0,0.13239189841456814,,,,,0,,0,0,0,0,0,0,0,0,0,0,0,0,,0.12635302659799622,,,,,0.13278270983418464,0.1343269722462367,,,0,0,0.2123086665150156,0,0.13670456799488434,0.1251321583971144
27,0,0.13239189841456814,,,,,0,,0,0,0,0,0,0,0,0,0,0,0,0,,0.12635302659799622,,,,,0.13278270983418464,0.1343269722462367,,,0,0,0.2123086665150156,0,0.13670456799488434,0.1251321583971144
28,0,0.13239189841456814,,,,,0,,0,0,0,0,0,0,0,0,0,0,0,0,,0.12635302659799622,,,,,0.13278270983418464,0.1343269722462367,,,0,0,0.2123086665150156,0,0.13670456799488434,0.1251321583971144
29,0,,,,,,0,,0,0,0,0,0,0,0,0,0,0,0,0,,0.2214741187218412,,,0.2179193859175236,,,,,0.2246072642937407,0,0,0.3359992310668945,0,,
30,0,,,,,,0,,0,0,0,0,0,0,0,0,0,0,0,0,,,,,,,,,,,0,0,1.0,0,,
31,0,,,,,,0,,0,0,0,0,0,0,0,0,0,0,0,0,,0.2782812281295385,,,,,0.4414291060785099,,,0.28028966579195164,0,0,,0,,
32,0,,,,,,0,,0,0,0,0,0,0,0,0,0,0,0,0,,,,,0.40504369963567466,,,,,,0,0,0.5949563003643255,0,,
33,0,,,,,0.24417039181962044,0,,0,0,0,0,0,0,0,0,0,0,0,0,,,,,,,,,0.2267916799127349,,0,0,0.5290379282676446,0,,
34,0,0.11875724619109672,,,,,0,,0,0,0,0,0,0,0,0,0,0,0,0,,0.11238543614108737,,,,,0.11234640915447308,0.11776724006544055,,0.1920232774067006,0,0,0.11207428997362233,0,0.12073447250714694,0.1139116285604324
35,0,0.22401568522598853,,,,,0,,0,0,0,0,0,0,0,0,0,0,0,0,,,,,0.22292679526821035,,,,,0.21795196500609745,0,0,0.3351055544997037,0,,
36,0,,,1.0,,,0,,0,0,0,0,0,0,0,0,0,0,0,0,,,,,,,,,,,0,0,,0,,
37,0,,,,,,0,,0,0,0,0,0,0,0,0,0,0,0,0,,,,,0.4134719750324669,,0.5865280249675331,,,,0,0,,0,,
38,0,,,,,,0,,0,0,0,0,0,0,0,0,0,0,0,0,0.3929919805922748,,,,,,,0.6070080194077252,,,0,0,,0,,
39,0,,,,,,0,,0,0,0,0,0,0,0,0,0,0,0,0,,0.1333367345236806,0.13176221800358284,,,,0.12841318929812906,0.12845707408927556,,,0,0,0.2173299966317032,0,0.12962962254285526,0.13107116491077372
40,0,,,,,,0,,0,0,0,0,0,0,0,0,0,0,0,0,,,,,,,1.0,,,,0,0,,0,,
41,0,,,,,,0,,0,0,0,0,0,0,0,0,0,0,0,0,,0.21854470067661014,,,0.2223154065290178,,0.3391249395746427,,,0.22001495321972928,0,0,,0,,
42,0,,,,,,0,,0,0,0,0,0,0,0,0,0,0,0,0,,1.0,,,,,,,,,0,0,,0,,
43,0,,,,,,0,,0,0,0,0,0,0,0,0,0,0,0,0,,,,,1.0,,,,,,0,0,,0,,
44,0,,,,,,0,,0,0,0,0,0,0,0,0,0,0,0,0,0.4097994813842749,,,,,,0.5902005186157251,,,,0,0,,0,,
45,0,,,,,,0,,0,0,0,0,0,0,0,0,0,0,0,0,,,,,,,1.0,,,,0,0,,0,,
46,0,,,,,,0,,0,0,0,0,0,0,0,0,0,0,0,0,1.0,,,,,,,,,,0,0,,0,,
47,0,,,,,,0,,0,0,0,0,0,0,0,0,0,0,0,0,,,,,0.4127491680359116,,,,,,0,0,0.5872508319640884,0,,
48,0,,,,,,0,,0,0,0,0,0,0,0,0,0,0,0,0,,,,,0.4117627839939518,,,0.5882372160060483,,,0,0,,0,,
49,0,,,,,,0,,0,0,0,0,0,0,0,0,0,0,0,0,0.2867576343524997,,,,0.29456754253384143,,0.4186748231136589,,,,0,0,,0,,
50,0,,1.0,,,,0,,0,0,0,0,0,0,0,0,0,0,0,0,,,,,,,,,,,0,0,,0,,
51,0,,,,,,0,,0,0,0,0,0,0,0,0,0,0,0,0,,,,,,,,,,,0,0,1.0,0,,
52,0,0.19804113366059573,,,,,0,,0,0,0,0,0,0,0,0,0,0,0,0,0.11687552357127284,,0.11684638323114716,0.1105131842806334,,0.11016500567996007,,0.11792675910428115,,,0,0,0.11851586852827126,0,0.11111614194383827,
53,0,,,1.0,,,0,,0,0,0,0,0,0,0,0,0,0,0,0,,,,,,,,,,,0,0,,0,,
54,0,0.2253834599507704,,,,,0,,0,0,0,0,0,0,0,0,0,0,0,0,,0.3335356835065693,,,0.2211698748821589,,,,,0.21991098166050144,0,0,,0,,
55,0,,,,,,0,,0,0,0,0,0,0,0,0,0,0,0,0,,,,,,,,,,,0,0,1.0,0,,
56,0,,,,,,0,,0,0,0,0,0,0,0,0,0,0,0,0,,,,,,,,,1.0,,0,0,,0,,
57,0,,,,,,0,,0,0,0,0,0,0,0,0,0,0,0,0,0.2900714814961465,,,,,,,,,0.2845437203523354,0,0,,0,0.425384798151518,
58,0,,,,,,0,,0,0,0,0,0,0,0,0,0,0,0,0,,,,,,,,,,,0,0,1.0,0,,
59,0,,,1.0,,,0,,0,0,0,0,0,0,0,0,0,0,0,0,,,,,,,,,,,0,0,,0,,
60,0,,,,1.0,,0,,0,0,0,0,0,0,0,0,0,0,0,0,,,,,,,,,,,0,0,,0,,
61,0,,,,,,0,,0,0,0,0,0,0,0,0,0,0,0,0,,,,,,,,,,1.0,0,0,,0,,
62,0,,,1.0,,,0,,0,0,0,0,0,0,0,0,0,0,0,0,,,,,,,,,,,0,0,,0,,
63,0,,,,,,0,,0,0,0,0,0,0,0,0,0,0,0,0,,,,,,,,,,,0,0,1.0,0,,
64,0,,,,,,0,,0,0,0,0,0,0,0,0,0,0,0,0,,,,0.3017119681608708,,,,,0.6982880318391292,,0,0,,0,,
65,0,,0.18617628891991705,,0.4217118303075311,0.1914588717014593,0,,0,0,0,0,0,0,0,0,0,0,0,0,,,,,,,,,0.2006530090710926,,0,0,,0,,
66,0,0.29684973769741224,,,,,0,,0,0,0,0,0,0,0,0,0,0,0,0,,0.2786788452961429,,,,,0.4244714170064449,,,,0,0,,0,,
67,0,,,,,,0,,0,0,0,0,0,0,0,0,0,0,0,0,,,,,,,,1.0,,,0,0,,0,,
68,0,,,,,,0,,0,0,0,0,0,0,0,0,0,0,0,0,,,,,,1.0,,,,,0,0,,0,,
69,0,,,,,,0,,0,0,0,0,0,0,0,0,0,0,0,0,0.21306769974332904,0.2131185726108712,,,0.34823078396828194,,,,,0.2255829436775177,0,0,,0,,
70,0,,,,,,0,,0,0,0,0,0,0,0,0,0,0,0,0,,,,,1.0,,,,,,0,0,,0,,
71,0,,,,,,0,,0,0,0,0,0,0,0,0,0,0,0,0,,,,,,,,,1.0,,0,0,,0,,
72,0,,0.15140268978743013,0.14554806091570055,0.14397788243551576,0.14134404382345875,0,0.2677722273060199,0,0,0,0,0,0,0,0,0,0,0,0,,,,,,0.14995509573187504,,,,,0,0,,0,,
73,0,,,,,,0,,0,0,0,0,0,0,0,0,0,0,0,0,,,,,,,,1.0,,,0,0,,0,,
74,0,,,,,,0,,0,0,0,0,0,0,0,0,0,0,0,0,,1.0,,,,,,,,,0,0,,0,,
75,0,,,0.1346384044934293,0.2186298394197703,0.12999434201331636,0,,0,0,0,0,0,0,0,0,0,0,0,0,,0.12952794632959438,0.12999123170004215,,,,0.127581613584215,0.12963662245963267,,,0,0,,0,,
76,0,,,,,,0,,0,0,0,0,0,0,0,0,0,0,0,0,,,,,,,,,1.0,,0,0,,0,,
77,0,,,,,,0,,0,0,0,0,0,0,0,0,0,0,0,0,,,,,,,,,,,0,0,1.0,0,,
78,0,0.4220394517034055,,,,,0,,0,0,0,0,0,0,0,0,0,0,0,0,,,,,,,0.5779605482965946,,,,0,0,,0,,
79,0,,,,,,0,,0,0,0,0,0,0,0,0,0,0,0,0,,,,,,1.0,,,,,0,0,,0,,
80,0,,,,,,0,,0,0,0,0,0,0,0,0,0,0,0,0,,,,,,,,,,,0,0,,0,1.0,
81,0,,,,,,0,,0,0,0,0,0,0,0,0,0,0,0,0,,,,,,,1.0,,,,0,0,,0,,
82,0,0.16649266409281055,,0.17714673843320494,,,0,,0,0,0,0,0,0,0,0,0,0,0,0,,,,,,,0.17648480550975582,0.17671746459240814,,,0,0,,0,0.3031583273718205,
83,0,,,,,,0,,0,0,0,0,0,0,0,0,0,0,0,0,,,,,,,,1.0,,,0,0,,0,,
84,0,,,,,,0,,0,0,0,0,0,0,0,0,0,0,0,0,,,,,,,,1.0,,,0,0,,0,,
85,0,,,,1.0,,0,,0,0,0,0,0,0,0,0,0,0,0,0,,,,,,,,,,,0,0,,0,,
86,0,,,,,,0,,0,0,0,0,0,0,0,0,0,0,0,0,1.0,,,,,,,,,,0,0,,0,,
87,0,,,,,,0,,0,0,0,0,0,0,0,0,0,0,0,0,,,,,,,,1.0,,,0,0,,0,,
88,0,,,,,,0,,0,0,0,0,0,0,0,0,0,0,0,0,,,,,0.4095848803181127,,0.5904151196818873,,,,0,0,,0,,
89,0,,,,,,0,,0,0,0,0,0,0,0,0,0,0,0,0,,,,,,,,,,,0,0,1.0,0,,
90,0,,,,,,0,,0,0,0,0,0,0,0,0,0,0,0,0,,,,,,,1.0,,,,0,0,,0,,
91,0,,,,,,0,,0,0,0,0,0,0,0,0,0,0,0,0,,,,,,,1.0,,,,0,0,,0,,
92,0,,,,,,0,,0,0,0,0,0,0,0,0,0,0,0,0,,,,,,,,,,,0,0,1.0,0,,
93,0,,,,,,0,,0,0,0,0,0,0,0,0,0,0,0,0,,,,,,,,,,,0,0,,0,,1.0
94,0,,,,,,0,,0,0,0,0,0,0,0,0,0,0,0,0,,,1.0,,,,,,,,0,0,,0,,
95,0,0.10696914867531684,0.10058427258053727,,0.09985128150479833,,0,,0,0,0,0,0,0,0,0,0,0,0,0,,0.10164806410895467,,,,0.10094866230862774,0.1732588025798845,0.1089648486994662,,,0,0,,0,0.10409330259620604,0.10368161694620834
96,0,,,,,,0,,0,0,0,0,0,0,0,0,0,0,0,0,,,,,,,,,,,0,0,,0,1.0,
97,0,,,,,,0,,0,0,0,0,0,0,0,0,0,0,0,0,,,,,,,,,,,0,0,,0,1.0,
98,0,,,,,,0,,0,0,0,0,0,0,0,0,0,0,0,0,,,,,0.4277485281728125,,0.5722514718271875,,,,0,0,,0,,
99,0,,,,,,0,,0,0,0,0,0,0,0,0,0,0,0,0,,,1.0,,,,,,,,0,0,,0,,
100,0,,,,,,0,,0,0,0,0,0,0,0,0,0,0,0,0,,,1.0,,,,,,,,0,0,,0,,
101,0,1.0,,,,,0,,0,0,0,0,0,0,0,0,0,0,0,0,,,,,,,,,,,0,0,,0,,
102,0,,,,0.2618088380026844,0.1435853656062238,0,,0,0,0,0,0,0,0,0,0,0,0,0,,,0.1514371667943996,,,0.1442511092455873,,,,,0,0,0.1489271514159633,0,,0.14999036893514162
103,0,,,0.1420141259573006,0.14695962136198146,,0,,0,0,0,0,0,0,0,0,0,0,0,0,,,0.14930012911210844,,,,0.1498133509795318,0.26817249903981283,,,0,0,,0,,0.14374027354926494
104,0,,,,,,0,,0,0,0,0,0,0,0,0,0,0,0,0,,,1.0,,,,,,,,0,0,,0,,
105,0,,,1.0,,,0,,0,0,0,0,0,0,0,0,0,0,0,0,,,,,,,,,,,0,0,,0,,
106,0,,,,,,0,,0,0,0,0,0,0,0,0,0,0,0,0,,,,,,,,,,,0,0,1.0,0,,
107,0,,,1.0,,,0,,0,0,0,0,0,0,0,0,0,0,0,0,,,,,,,,,,,0,0,,0,,
108,0,,,,,,0,,0,0,0,0,0,0,0,0,0,0,0,0,,,1.0,,,,,,,,0,0,,0,,
109,0,,,,,,0,,0,0,0,0,0,0,0,0,0,0,0,0,,,1.0,,,,,,,,0,0,,0,,
110,0,,,,,,0,,0,0,0,0,0,0,0,0,0,0,0,0,,,,,,,1.0,,,,0,0,,0,,
111,0,,,,,,0,,0,0,0,0,0,0,0,0,0,0,0,0,,,,,,,1.0,,,,0,0,,0,,
112,0,,,,1.0,,0,,0,0,0,0,0,0,0,0,0,0,0,0,,,,,,,,,,,0,0,,0,,
113,0,0.4142985170931253,,,,,0,,0,0,0,0,0,0,0,0,0,0,0,0,,,0.5857014829068747,,,,,,,,0,0,,0,,
114,0,,,,0.4190561898853767,,0,,0,0,0,0,0,0,0,0,0,0,0,0,0.28812919202291376,,,,0.2928146180917096,,,,,,0,0,,0,,
115,0,0.18355157821408985,,,,,0,,0,0,0,0,0,0,0,0,0,0,0,0,0.17916959105792166,0.17552475751398078,,,,,,0.17028134589469515,,,0,0,,0,0.2914727273193127,
116,0,0.1803780183680007,,,,,0,,0,0,0,0,0,0,0,0,0,0,0,0,0.1853181515303748,,,,,,,0.17311608205236007,,0.28559852504884353,0,0,,0,0.17558922300042093,
117,0,,,,,,0,,0,0,0,0,0,0,0,0,0,0,0,0,,,,,,,,,,,0,0,,0,1.0,
118,0,,,,,,0,,0,0,0,0,0,0,0,0,0,0,0,0,,,0.5894410554736279,,,,,,,0.41055894452637215,0,0,,0,,
119,0,,,,,,0,,0,0,0,0,0,0,0,0,0,0,0,0,0.2869468920663641,,,,0.28906582185018376,,,,,,0,0,0.4239872860834522,0,,
120,0,,,,,,0,,0,0,0,0,0,0,0,0,0,0,0,0,0.2225733023861141,,,,0.2277771795636744,,0.3301792673836912,,,0.21947025066652034,0,0,,0,,
121,0,,,,,,0,,0,0,0,0,0,0,0,0,0,0,0,0,,0.13403420911701275,0.1287807154898022,,,,0.12899557552632396,0.2223579065904704,,,0,0,0.1262374373445203,0,0.13179974372064376,0.12779441221122664
122,0,0.21724538990348266,,,,,0,,0,0,0,0,0,0,0,0,0,0,0,0,0.20954376541456973,,,,,,,,,0.22496448657342394,0,0,0.3482463581085236,0,,
123,0,,,,,,0,,0,0,0,0,0,0,0,0,0,0,0,0,,,,,1.0,,,,,,0,0,,0,,
124,0,0.4160852382150317,,,,,0,,0,0,0,0,0,0,0,0,0,0,0,0,,,,,,,,0.5839147617849683,,,0,0,,0,,
125,0,,,,0.3401840529285152,,0,,0,0,0,0,0,0,0,0,0,0,0,0,0.22144313385038325,,,,0.2198504791843913,,,,,0.2185223340367103,0,0,,0,,
126,0,,,,,,0,,0,0,0,0,0,0,0,0,0,0,0,0,,,,,0.4154160283033034,,,,,,0,0,,0,0.5845839716966966,
127,0,,,,,,0,,0,0,0,0,0,0,0,0,0,0,0,0,,,,,,,1.0,,,,0,0,,0,,
128,0,0.2206697887439389,,,,,0,,0,0,0,0,0,0,0,0,0,0,0,0,0.21696957037399364,,,,,,,,,0.21702524099036666,0,0,0.3453353998917008,0,,
129,0,,,,,,0,,0,0,0,0,0,0,0,0,0,0,0,0,0.13404113044208207,0.1352034958989808,0.12783720319780215,,,,,0.12773601308891053,,0.13691977606139732,0,0,0.21106376199455906,0,0.12719861931626816,
130,0,,,,,,0,,0,0,0,0,0,0,0,0,0,0,0,0,0.2123237891211817,0.2187298839662601,,,,,,,,0.22413052459952754,0,0,0.3448158023130305,0,,
131,0,,,,,,0,,0,0,0,0,0,0,0,0,0,0,0,0,,,,,,,,1.0,,,0,0,,0,,
132,0,,,,,,0,1.0,0,0,0,0,0,0,0,0,0,0,0,0,,,,,,,,,,,0,0,,0,,
133,0,,,,,,0,,0,0,0,0,0,0,0,0,0,0,0,0,0.21800867494513945,,,,0.2291740118147801,,,,,0.2193741130025061,0,0,,0,0.3334432002375744,
134,0,,,,,,0,,0,0,0,0,0,0,0,0,0,0,0,0,1.0,,,,,,,,,,0,0,,0,,
135,0,,,,,,0,,0,0,0,0,0,0,0,0,0,0,0,0,,0.21436413934134027,0.354733091524442,,,,,0.21809219405168034,,,0,0,,0,0.21281057508253748,
136,0,,,,,,0,,0,0,0,0,0,0,0,0,0,0,0,0,,,,,0.4188724202221761,,,0.581127579777824,,,0,0,,0,,
137,0,,,,,,0,,0,0,0,0,0,0,0,0,0,0,0,0,,,,,0.41200283879917504,,,,,0.587997161200825,0,0,,0,,
138,0,,,,,,0,,0,0,0,0,0,0,0,0,0,0,0,0,,,,,,,,,,,0,0,1.0,0,,
139,0,,,,,,0,,0,0,0,0,0,0,0,0,0,0,0,0,,,,,,,,,,,0,0,1.0,0,,
140,0,,,,,,0,,0,0,0,0,0,0,0,0,0,0,0,0,,,,,,,1.0,,,,0,0,,0,,
141,0,,,,,,0,,0,0,0,0,0,0,0,0,0,0,0,0,,,,,,,,,,,0,0,1.0,0,,
142,0,,,,,,0,,0,0,0,0,0,0,0,0,0,0,0,0,,,,,,,,,,,0,0,1.0,0,,
143,0,,,,,,0,,0,0,0,0,0,0,0,0,0,0,0,0,,,,,,,,,,,0,0,1.0,0,,
144,0,,,,,,0,,0,0,0,0,0,0,0,0,0,0,0,0,,,,,0.416827127129539,,,,,,0,0,0.5831728728704609,0,,
145,0,,0.1206073917087028,,,0.12528321225099906,0,,0,0,0,0,0,0,0,0,0,0,0,0,,,0.13015821560415972,0.12271718254056856,,0.1283745073731921,,,,,0,0,0.13133642250692795,0,,0.2415230680154498
146,0,,,,,,0,,0,0,0,0,0,0,0,0,0,0,0,0,,,,,1.0,,,,,,0,0,,0,,
147,0,,,,,,0,,0,0,0,0,0,0,0,0,0,0,0,0,,,,,,,,1.0,,,0,0,,0,,
148,0,1.0,,,,,0,,0,0,0,0,0,0,0,0,0,0,0,0,,,,,,,,,,,0,0,,0,,
149,0,,,,,1.0,0,,0,0,0,0,0,0,0,0,0,0,0,0,,,,,,,,,,,0,0,,0,,
150,0,,0.20574735025857152,,0.20463520849843644,,0,,0,0,0,0,0,0,0,0,0,0,0,0,,,,0.19414639796168365,,,,0.3954710432813083,,,0,0,,0,,
151,0,,,,,,0,,0,0,0,0,0,0,0,0,0,0,0,0,,,,,0.4128837986821527,,,,,,0,0,0.5871162013178473,0,,
152,0,,,,,,0,1.0,0,0,0,0,0,0,0,0,0,0,0,0,,,,,,,,,,,0,0,,0,,
153,0,,,,,,0,,0,0,0,0,0,0,0,0,0,0,0,0,,,,,,,,,,,0,0,1.0,0,,
154,0,,,0.09775325690298214,,0.09772628974101076,0,,0,0,0,0,0,0,0,0,0,0,0,0,,0.10679023050770704,0.1033931599072892,,,,0.17874281012538734,0.10518736260025567,,,0,0,0.10119583451950816,0,0.10643253983051787,0.10277851586534187
155,0,0.1818761112725908,,0.10347119915273002,,0.09585115329801897,0,,0,0,0,0,0,0,0,0,0,0,0,0,,0.10515169638872557,0.10373530929160699,,,,0.10563745695776668,0.10517922335360423,,,0,0,0.09945176032878296,0,,0.09964608995617394
156,0,0.2836824622918141,0.14606536455945382,,0.1378126213170521,,0,,0,0,0,0,0,0,0,0,0,0,0,0,,,,,,0.1408210322432861,,,0.14000702512041802,,0,0,,0,,0.15161149446797578
157,0,,,,1.0,,0,,0,0,0,0,0,0,0,0,0,0,0,0,,,,,,,,,,,0,0,,0,,
158,0,,,,,,0,,0,0,0,0,0,0,0,0,0,0,0,0,,,,,,,,1.0,,,0,0,,0,,
159,0,,,0.5894239648651008,,,0,,0,0,0,0,0,0,0,0,0,0,0,0,,,,,0.4105760351348992,,,,,,0,0,,0,,
160,0,,,,1.0,,0,,0,0,0,0,0,0,0,0,0,0,0,0,,,,,,,,,,,0,0,,0,,
161,0,0.40726942031398816,,,,,0,,0,0,0,0,0,0,0,0,0,0,0,0,,,,,,,0.5927305796860118,,,,0,0,,0,,
162,0,,,,,,0,,0,0,0,0,0,0,0,0,0,0,0,0,0.4039332911557759,,,,,,0.596066708844224,,,,0,0,,0,,
163,0,,,,,,0,,0,0,0,0,0,0,0,0,0,0,0,0,,,,,,,,,,,0,0,1.0,0,,
164,0,0.18376988291190746,,,,,0,,0,0,0,0,0,0,0,0,0,0,0,0,,0.1734446093100972,,,,,0.28796658484025955,0.17759649311494727,,,0,0,,0,0.17722242982278852,
165,0,,,,,,0,,0,0,0,0,0,0,0,0,0,0,0,0,,,,,,,,,,,0,0,1.0,0,,
166,0,,,,,,0,,0,0,0,0,0,0,0,0,0,0,0,0,,,,,,,1.0,,,,0,0,,0,,
167,0,,,,,,0,,0,0,0,0,0,0,0,0,0,0,0,0,,,,,,,,1.0,,,0,0,,0,,
168,0,,,,,,0,,0,0,0,0,0,0,0,0,0,0,0,0,,,,,0.400863579311144,,,,,,0,0,,0,,0.5991364206888561
169,0,0.4019213866147905,,,,,0,,0,0,0,0,0,0,0,0,0,0,0,0,,,,,,,,,,,0,0,0.5980786133852096,0,,
170,0,,,,,,0,,0,0,0,0,0,0,0,0,0,0,0,0,0.4007881740856775,,,,,,0.5992118259143226,,,,0,0,,0,,
171,0,1.0,,,,,0,,0,0,0,0,0,0,0,0,0,0,0,0,,,,,,,,,,,0,0,,0,,
172,0,,,,,,0,,0,0,0,0,0,0,0,0,0,0,0,0,1.0,,,,,,,,,,0,0,,0,,
173,0,,,,,,0,,0,0,0,0,0,0,0,0,0,0,0,0,,,,,0.4262162875606591,,,,,,0,0,0.5737837124393411,0,,
174,0,,,,,,0,,0,0,0,0,0,0,0,0,0,0,0,0,0.2744363407175129,0.2804326816128466,,,,,,0.44513097766964055,,,0,0,,0,,
175,0,,,,,,0,,0,0,0,0,0,0,0,0,0,0,0,0,,1.0,,,,,,,,,0,0,,0,,
176,0,0.22372348375618265,,,,,0,,0,0,0,0,0,0,0,0,0,0,0,0,,,,,0.22210578655370009,,0.332611681318513,,,0.2215590483716042,0,0,,0,,
177,0,,,,,,0,,0,0,0,0,0,0,0,0,0,0,0,0,,,1.0,,,,,,,,0,0,,0,,
178,0,,,,,,0,,0,0,0,0,0,0,0,0,0,0,0,0,,,,,,,,1.0,,,0,0,,0,,
179,0,,,,,,0,,0,0,0,0,0,0,0,0,0,0,0,0,,1.0,,,,,,,,,0,0,,0,,
180,0,,,,0.5916435808148073,,0,,0,0,0,0,0,0,0,0,0,0,0,0,,,,,0.4083564191851927,,,,,,0,0,,0,,
181,0,,,,0.12124140599885395,,0,,0,0,0,0,0,0,0,0,0,0,0,0,,,0.1343445699497332,,,0.1236006178913794,0.13120179779159635,,,,0,0,0.22354487427238048,0,0.13253279658874562,0.1335339375073109
182,0,,,1.0,,,0,,0,0,0,0,0,0,0,0,0,0,0,0,,,,,,,,,,,0,0,,0,,
183,0,,,0.13042886586413865,0.13021262747264525,0.12504694286041712,0,,0,0,0,0,0,0,0,0,0,0,0,0,,,,0.1203898574738462,,0.12676628320947111,0.2406493597765056,,,,0,0,0.12650606334297615,0,,
184,0,,,,1.0,,0,,0,0,0,0,0,0,0,0,0,0,0,0,,,,,,,,,,,0,0,,0,,
185,0,,,,,,0,,0,0,0,0,0,0,0,0,0,0,0,0,,,,,,,,1.0,,,0,0,,0,,
186,0,,,,1.0,,0,,0,0,0,0,0,0,0,0,0,0,0,0,,,,,,,,,,,0,0,,0,,
187,0,,,,,,0,,0,0,0,0,0,0,0,0,0,0,0,0,,0.22060182512191207,,,0.21736149378851505,,0.341143304258516,,,0.2208933768310568,0,0,,0,,
188,0,0.2883783066138071,,,,,0,,0,0,0,0,0,0,0,0,0,0,0,0,,,,,0.28732408019189554,,0.4242976131942974,,,,0,0,,0,,
189,0,,,,,,0,,0,0,0,0,0,0,0,0,0,0,0,0,,,,,,,,,,,0,0,1.0,0,,
190,0,,,,,,0,,0,0,0,0,0,0,0,0,0,0,0,0,,,,,,1.0,,,,,0,0,,0,,
191,0,0.28652024399473386,,,,,0,,0,0,0,0,0,0,0,0,0,0,0,0,,,,,0.28959966178379903,,0.4238800942214671,,,,0,0,,0,,
192,0,,,,,,0,,0,0,0,0,0,0,0,0,0,0,0,0,1.0,,,,,,,,,,0,0,,0,,
193,0,,,,,,0,,0,0,0,0,0,0,0,0,0,0,0,0,,,,,,,,,,,0,0,1.0,0,,
194,0,,,1.0,,,0,,0,0,0,0,0,0,0,0,0,0,0,0,,,,,,,,,,,0,0,,0,,
195,0,,,,,,0,,0,0,0,0,0,0,0,0,0,0,0,0,,,,,,1.0,,,,,0,0,,0,,
196,0,0.2250109105050401,,,,,0,,0,0,0,0,0,0,0,0,0,0,0,0,,,,,0.2203517359885646,,0.3359652634414157,,,0.2186720900649796,0,0,,0,,
197,0,0.2915988552740256,,,,,0,,0,0,0,0,0,0,0,0,0,0,0,0,,,,,0.2836308916745355,,0.42477025305143895,,,,0,0,,0,,
198,0,,,,,,0,,0,0,0,0,0,0,0,0,0,0,0,0,1.0,,,,,,,,,,0,0,,0,,
199,0,1.0,,,,,0,,0,0,0,0,0,0,0,0,0,0,0,0,,,,,,,,,,,0,0,,0,,
200,0,,,,,,0,,0,0,0,0,0,0,0,0,0,0,0,0,,,,,,,,,1.0,,0,0,,0,,
201,0,,,,,,0,,0,0,0,0,0,0,0,0,0,0,0,0,1.0,,,,,,,,,,0,0,,0,,
202,0,,,,,,0,,0,0,0,0,0,0,0,0,0,0,0,0,,,,,0.405609267874826,,0.5943907321251739,,,,0,0,,0,,
203,0,,,,,,0,,0,0,0,0,0,0,0,0,0,0,0,0,0.2145054027285382,,,,0.22541233454275306,,0.3336337412389371,,,0.22644852148977165,0,0,,0,,
204,0,,,0.11038549522363593,0.10748904018358067,,0,,0,0,0,0,0,0,0,0,0,0,0,0,,,0.11848312396937002,0.10993451534693448,,0.11478149079473572,0.11789654460767172,,,,0,0,0.11666250801601526,0,,0.20436728185805605
205,0,,,,,,0,,0,0,0,0,0,0,0,0,0,0,0,0,1.0,,,,,,,,,,0,0,,0,,
206,0,,,,,,0,,0,0,0,0,0,0,0,0,0,0,0,0,,,,,,,,1.0,,,0,0,,0,,
207,0,,,,,,0,,0,0,0,0,0,0,0,0,0,0,0,0,,,,,,,,1.0,,,0,0,,0,,
208,0,,,,,,0,,0,0,0,0,0,0,0,0,0,0,0,0,,,,,,,,,,,0,0,1.0,0,,
209,0,,,,,,0,,0,0,0,0,0,0,0,0,0,0,0,0,,,,,0.3978406218802354,,,,,,0,0,,0,,0.6021593781197646
210,0,,,,,,0,,0,0,0,0,0,0,0,0,0,0,0,0,,,,,,,1.0,,,,0,0,,0,,
211,0,,,,,,0,,0,0,0,0,0,0,0,0,0,0,0,0,,,,,,,,1.0,,,0,0,,0,,
212,0,,,,,,0,,0,0,0,0,0,0,0,0,0,0,0,0,,0.18249378242846384,0.16677231167102738,,0.2974587033584522,,0.17704756725127252,0.17622763529078406,,,0,0,,0,,
213,0,,,,,,0,,0,0,0,0,0,0,0,0,0,0,0,0,,,,0.165278056388123,,,0.3215316744945712,,,,0,0,0.16634855350991598,0,0.1736747449079057,0.17316697069948409
214,0,,,,,,0,,0,0,0,0,0,0,0,0,0,0,0,0,1.0,,,,,,,,,,0,0,,0,,
215,0,,,,,,0,,0,0,0,0,0,0,0,0,0,0,0,0,,,,,,,1.0,,,,0,0,,0,,
216,0,,,,,,0,,0,0,0,0,0,0,0,0,0,0,0,0,,,,,,,,,,,0,0,,0,,1.0
217,0,,,,,,0,,0,0,0,0,0,0,0,0,0,0,0,0,,,,,,,,,,,0,0,1.0,0,,
218,0,,,,,,0,,0,0,0,0,0,0,0,0,0,0,0,0,,,,,,,,,,,0,0,1.0,0,,
219,0,,,,,,0,,0,0,0,0,0,0,0,0,0,0,0,0,,1.0,,,,,,,,,0,0,,0,,
220,0,,0.5860034635287129,,,,0,,0,0,0,0,0,0,0,0,0,0,0,0,,,,,0.4139965364712872,,,,,,0,0,,0,,
221,0,,,,1.0,,0,,0,0,0,0,0,0,0,0,0,0,0,0,,,,,,,,,,,0,0,,0,,
222,0,,,,1.0,,0,,0,0,0,0,0,0,0,0,0,0,0,0,,,,,,,,,,,0,0,,0,,
223,0,,,,,,0,,0,0,0,0,0,0,0,0,0,0,0,0,0.2867393721058304,,,,0.2929747373867833,,,,,,0,0,0.4202858905073864,0,,
224,0,,,,,,0,,0,0,0,0,0,0,0,0,0,0,0,0,0.3393549391118194,0.21536021043844547,,,0.2218170733052657,,,,,0.2234677771444694,0,0,,0,,
225,0,,,,,,0,,0,0,0,0,0,0,0,0,0,0,0,0,,,,,,,,,,,0,0,1.0,0,,
226,0,,,,0.29225860364390743,,0,,0,0,0,0,0,0,0,0,0,0,0,0,0.17941937207623262,0.18400708507058705,,,,,,0.17279221724660068,,,0,0,,0,0.17152272196267224,
227,0,,,,0.5872428885791298,,0,,0,0,0,0,0,0,0,0,0,0,0,0,,,,,0.41275711142087024,,,,,,0,0,,0,,
228,0,,,,,,0,,0,0,0,0,0,0,0,0,0,0,0,0,,,,,,,,,,,0,0,,0,1.0,
229,0,,,,0.5840850164042394,,0,,0,0,0,0,0,0,0,0,0,0,0,0,,,,,0.41591498359576057,,,,,,0,0,,0,,
230,0,,,,,,0,,0,0,0,0,0,0,0,0,0,0,0,0,0.40272311948960215,,,,,,,,,,0,0,,0,,0.597276880510398
231,0,,,,,,0,,0,0,0,0,0,0,0,0,0,0,0,0,,,,,,,,,,,0,0,1.0,0,,
232,0,,,,,,0,,0,0,0,0,0,0,0,0,0,0,0,0,,,,,,,,,,,0,0,,0,1.0,
233,0,,,,1.0,,0,,0,0,0,0,0,0,0,0,0,0,0,0,,,,,,,,,,,0,0,,0,,
234,0,,,1.0,,,0,,0,0,0,0,0,0,0,0,0,0,0,0,,,,,,,,,,,0,0,,0,,
235,0,,0.1117446384671244,0.10957750654642978,0.11057540301415326,0.10980175740703316,0,,0,0,0,0,0,0,0,0,0,0,0,0,,0.11803566867297267,0.1179181871174076,,,0.11585645389204755,0.2064903848828316,,,,0,0,,0,,
236,0,,,,,,0,,0,0,0,0,0,0,0,0,0,0,0,0,,,,,,,,,,,0,0,1.0,0,,
237,0,,,,,,0,,0,0,0,0,0,0,0,0,0,0,0,0,,,,,0.40188708262874256,,,,,,0,0,0.5981129173712575,0,,
238,0,,,,0.42289638164152105,,0,,0,0,0,0,0,0,0,0,0,0,0,0,,,,,0.2909605232410662,,,,,0.2861430951174127,0,0,,0,,
239,0,,,,,,0,,0,0,0,0,0,0,0,0,0,0,0,0,,,,,,,,,,,0,0,1.0,0,,
240,0,,,,,,0,,0,0,0,0,0,0,0,0,0,0,0,0,,,,,,,,,,,0,0,,0,,1.0
241,0,,,,,,0,,0,0,0,0,0,0,0,0,0,0,0,0,,,0.2633350446671762,,0.2824126632785945,,0.4542522920542292,,,,0,0,,0,,
242,0,,,,,,0,,0,0,0,0,0,0,0,0,0,0,0,0,,,,,,,,,,,0,0,1.0,0,,
243,0,,,,1.0,,0,,0,0,0,0,0,0,0,0,0,0,0,0,,,,,,,,,,,0,0,,0,,
244,0,,,,,,0,,0,0,0,0,0,0,0,0,0,0,0,0,,,,,,,,,,,0,0,1.0,0,,
245,0,,,,,,0,,0,0,0,0,0,0,0,0,0,0,0,0,,,,,,,,,,,0,0,,0,1.0,
246,0,,,0.12539043530720828,0.12285635410465168,0.22873888587975144,0,,0,0,0,0,0,0,0,0,0,0,0,0,,0.133047456120649,0.13140185120562736,,,0.12628362114829114,,,,,0,0,0.13228139623382112,0,,
247,0,,,,0.12219994912883354,,0,,0,0,0,0,0,0,0,0,0,0,0,0,,0.13376823557226494,0.12433869367945433,,,,0.1285432098585958,,0.2264297303928535,,0,0,,0,0.13218260552268085,0.13253757584531695
248,0,,0.09651116647519893,0.10367890820871244,0.10657579431089167,0.09720368266152493,0,,0,0,0,0,0,0,0,0,0,0,0,0,,,0.10651340156768252,,,0.0987265830199618,,0.18576377421797333,,,0,0,0.09956382046503127,0,,0.1054628690730231
249,0,0.4059475733020872,,,,0.5940524266979128,0,,0,0,0,0,0,0,0,0,0,0,0,0,,,,,,,,,,,0,0,,0,,
250,0,,,,,,0,,0,0,0,0,0,0,0,0,0,0,0,0,,,,,,,,,,,0,0,1.0,0,,
251,0,,,,,,0,,0,0,0,0,0,0,0,0,0,0,0,0,0.2770764033500152,,,,0.28934017973292675,,0.433583416917058,,,,0,0,,0,,
252,0,,1.0,,,,0,,0,0,0,0,0,0,0,0,0,0,0,0,,,,,,,,,,,0,0,,0,,
253,0,,,,,,0,,0,0,0,0,0,0,0,0,0,0,0,0,,,,,1.0,,,,,,0,0,,0,,
254,0,,,,,,0,,0,0,0,0,0,0,0,0,0,0,0,0,,,,,0.4134556332416646,,0.5865443667583353,,,,0,0,,0,,
255,0,,,,,,0,,0,0,0,0,0,0,0,0,0,0,0,0,,,,,,,,,,,0,0,1.0,0,,
256,0,,,,,,0,,0,0,0,0,0,0,0,0,0,0,0,0,,,,,,,,,,,0,0,,0,1.0,
257,0,,,,,,0,,0,0,0,0,0,0,0,0,0,0,0,0,,,,,,,,1.0,,,0,0,,0,,
258,0,0.17862822594170633,,,,,0,,0,0,0,0,0,0,0,0,0,0,0,0,0.17800243109865585,,,,0.18534584549955024,,,,,0.1829006493646025,0,0,0.2751228480954849,0,,
259,0,,,0.5847409366875755,,,0,,0,0,0,0,0,0,0,0,0,0,0,0,,,,,0.41525906331242457,,,,,,0,0,,0,,
260,0,0.15588709174444426,,,,,0,,0,0,0,0,0,0,0,0,0,0,0,0,0.24269496144140296,0.14836278090710114,,,,,0.14909573824108138,0.15038382578991905,,,0,0,,0,0.15357560187605113,
261,0,,,,,,0,,0,0,0,0,0,0,0,0,0,0,0,0,,,,,,,,,,,0,0,1.0,0,,
262,0,,0.14491369409882002,0.15135464690821976,,0.14302542270319954,0,,0,0,0,0,0,0,0,0,0,0,0,0,0.2840230446422896,,,0.1407362647023506,,,,,0.13594692694512048,,0,0,,0,,
263,0,,,,,,0,,0,0,0,0,0,0,0,0,0,0,0,0,,,,,,,,,,,0,0,1.0,0,,
264,0,,,,,,0,1.0,0,0,0,0,0,0,0,0,0,0,0,0,,,,,,,,,,,0,0,,0,,
265,0,,,,,,0,,0,0,0,0,0,0,0,0,0,0,0,0,,,,,,,,,,,0,0,1.0,0,,
266,0,,,,,,0,1.0,0,0,0,0,0,0,0,0,0,0,0,0,,,,,,,,,,,0,0,,0,,
267,0,,,,,,0,,0,0,0,0,0,0,0,0,0,0,0,0,,,,,,,,,1.0,,0,0,,0,,
268,0,,,,,,0,1.0,0,0,0,0,0,0,0,0,0,0,0,0,,,,,,,,,,,0,0,,0,,
269,0,,,,,,0,,0,0,0,0,0,0,0,0,0,0,0,0,,1.0,,,,,,,,,0,0,,0,,
270,0,0.28549557158283445,,,,,0,,0,0,0,0,0,0,0,0,0,0,0,0,,,,,0.2882810855937262,,0.4262233428234393,,,,0,0,,0,,
271,0,,,,0.4225060469880356,,0,,0,0,0,0,0,0,0,0,0,0,0,0,,,,,0.2983276106653134,,,,,0.279166342346651,0,0,,0,,
272,0,,,,,,0,,0,0,0,0,0,0,0,0,0,0,0,0,,,,,,,,1.0,,,0,0,,0,,
273,0,0.4008100109217301,,,,,0,,0,0,0,0,0,0,0,0,0,0,0,0,,,,,,,,,,,0,0,0.5991899890782699,0,,
274,0,,,,,,0,,0,0,0,0,0,0,0,0,0,0,0,0,,,,,,,1.0,,,,0,0,,0,,
275,0,0.18687294504091045,,,,,0,,0,0,0,0,0,0,0,0,0,0,0,0,,0.1735622710216891,,,0.18514014361481665,,,,0.2737948702642426,0.1806297700583412,0,0,,0,,
276,0,0.3400774883956815,,,,,0,,0,0,0,0,0,0,0,0,0,0,0,0,,0.2223987521860694,,,,,,,,0.22047207790044746,0,0,,0,0.2170516815178017,
277,0,,,,,,0,,0,0,0,0,0,0,0,0,0,0,0,0,,,,,,,1.0,,,,0,0,,0,,
278,0,,,,0.12893441016503998,0.12064210474446158,0,,0,0,0,0,0,0,0,0,0,0,0,0,,,,0.1200789439566861,,0.11933764346566715,0.1311030277121338,,0.2496751351430188,,0,0,,0,,0.13022873481299269
279,0,,,,,,0,,0,0,0,0,0,0,0,0,0,0,0,0,,,,,,,,,,,0,0,1.0,0,,
280,0,,,,,,0,,0,0,0,0,0,0,0,0,0,0,0,0,,,,,,,1.0,,,,0,0,,0,,
281,0,0.1556307472001321,,,,,0,,0,0,0,0,0,0,0,0,0,0,0,0,,0.1479203731172139,,,,,0.2436444735553229,0.14491235234955885,,0.1573865374563301,0,0,,0,0.1505055163214422,
282,0,,,,,,0,,0,0,0,0,0,0,0,0,0,0,0,0,,,,,,,,1.0,,,0,0,,0,,
283,0,,,,,,0,,0,0,0,0,0,0,0,0,0,0,0,0,,,,,,,,1.0,,,0,0,,0,,
284,0,0.4090274085405251,,,,,0,,0,0,0,0,0,0,0,0,0,0,0,0,,,,,,,,,,,0,0,0.5909725914594748,0,,
285,0,,,,,,0,,0,0,0,0,0,0,0,0,0,0,0,0,,0.2825300950301147,,,,,,,,0.2827219127013091,0,0,0.4347479922685761,0,,
286,0,,,,,,0,,0,0,0,0,0,0,0,0,0,0,0,0,,0.21814093867055226,,,0.22701155554729024,,,,,0.2185593205219128,0,0,0.3362881852602447,0,,
287,0,,,,,,0,,0,0,0,0,0,0,0,0,0,0,0,0,,,,,,,,,,,0,0,,0,,1.0
288,0,,,,,,0,,0,0,0,0,0,0,0,0,0,0,0,0,,,,,,1.0,,,,,0,0,,0,,
289,0,,,,,,0,,0,0,0,0,0,0,0,0,0,0,0,0,0.4048352908784778,,,,,,0.5951647091215222,,,,0,0,,0,,
290,0,0.2195304139403313,,,,,0,,0,0,0,0,0,0,0,0,0,0,0,0,,,,,0.2273923553104513,,0.3323508009118512,,,0.22072642983736607,0,0,,0,,
291,0,,,,,,0,,0,0,0,0,0,0,0,0,0,0,0,0,,,,,0.4059341196104783,,,,0.5940658803895216,,0,0,,0,,
292,0,,,,,,0,,0,0,0,0,0,0,0,0,0,0,0,0,,,,,,,1.0,,,,0,0,,0,,
293,0,,,,,,0,,0,0,0,0,0,0,0,0,0,0,0,0,,,,,,,,,,,0,0,,0,,1.0
294,0,,,,,,0,,0,0,0,0,0,0,0,0,0,0,0,0,,,1.0,,,,,,,,0,0,,0,,
295,0,0.22346408482691565,,,,,0,,0,0,0,0,0,0,0,0,0,0,0,0,,0.2121578701530883,,,,,,0.2125608500491585,,0.35181719497083763,0,0,,0,,
296,0,0.2901000899834233,,,,,0,,0,0,0,0,0,0,0,0,0,0,0,0,,,,,0.28047564707911504,,,,,,0,0,0.4294242629374617,0,,
297,0,,,,,,0,,0,0,0,0,0,0,0,0,0,0,0,0,,1.0,,,,,,,,,0,0,,0,,
298,0,,,,,1.0,0,,0,0,0,0,0,0,0,0,0,0,0,0,,,,,,,,,,,0,0,,0,,
299,0,,,,,,0,,0,0,0,0,0,0,0,0,0,0,0,0,0.21981053649548213,,,,0.22948122452508266,,,,,0.21808607933152666,0,0,0.3326221596479086,0,,
300,0,,,,,,0,,0,0,0,0,0,0,0,0,0,0,0,0,1.0,,,,,,,,,,0,0,,0,,
301,0,,,,,,0,0.3320011426442252,0,0,0,0,0,0,0,0,0,0,0,0,0.22335704691819253,,,,0.22924712536424305,,,,,0.2153946850733392,0,0,,0,,
302,0,,,,,,0,,0,0,0,0,0,0,0,0,0,0,0,0,,,1.0,,,,,,,,0,0,,0,,
303,0,0.4117212090046564,,,,,0,,0,0,0,0,0,0,0,0,0,0,0,0,,,,,,,0.5882787909953436,,,,0,0,,0,,
304,0,0.1521454596043509,,,,,0,0.2374463024152857,0,0,0,0,0,0,0,0,0,0,0,0,0.15887844220772454,,,,,,,0.14573418941574387,,0.15771078121138135,0,0,,0,0.14808482514551355,
305,0,0.4076431236794445,,,,,0,,0,0,0,0,0,0,0,0,0,0,0,0,,,,,,,,,0.5923568763205556,,0,0,,0,,
306,0,,,,,,0,,0,0,0,0,0,0,0,0,0,0,0,0,0.2838375413830329,,,,0.29490470998445745,,,0.4212577486325096,,,0,0,,0,,
307,0,,,,,,0,,0,0,0,0,0,0,0,0,0,0,0,0,,,,,0.4188724202221761,,,0.581127579777824,,,0,0,,0,,
308,0,,,,,,0,,0,0,0,0,0,0,0,0,0,0,0,0,,,,,,,,,,,0,0,1.0,0,,
309,0,,,,,,0,,0,0,0,0,0,0,0,0,0,0,0,0,,1.0,,,,,,,,,0,0,,0,,
310,0,0.4135338432284229,,,,,0,,0,0,0,0,0,0,0,0,0,0,0,0,,,,,,,,,,,0,0,0.5864661567715771,0,,
311,0,0.28756001033587625,,,,,0,,0,0,0,0,0,0,0,0,0,0,0,0,,,,,0.28597866822265994,,0.4264613214414638,,,,0,0,,0,,
312,0,0.2878535292759278,,,,,0,,0,0,0,0,0,0,0,0,0,0,0,0,,,,,0.28635043887914274,,0.4257960318449295,,,,0,0,,0,,
313,0,,,,,,0,,0,0,0,0,0,0,0,0,0,0,0,0,,,,,,,,,,,0,0,1.0,0,,
314,0,0.2885903366736188,,,,,0,,0,0,0,0,0,0,0,0,0,0,0,0,,,,,0.2881097684133557,,0.4232998949130256,,,,0,0,,0,,
315,0,,,,,,0,,0,0,0,0,0,0,0,0,0,0,0,0,,,,,,,,,,,0,0,,0,,1.0
316,0,,,,,,0,,0,0,0,0,0,0,0,0,0,0,0,0,,,,,1.0,,,,,,0,0,,0,,
317,0,,,,,,0,,0,0,0,0,0,0,0,0,0,0,0,0,,,,,,,,,,,0,0,1.0,0,,
318,0,,,,,,0,,0,0,0,0,0,0,0,0,0,0,0,0,,,,,,,1.0,,,,0,0,,0,,
319,0,0.2183986641967374,,,,0.34560435078902096,0,,0,0,0,0,0,0,0,0,0,0,0,0,0.22310896599655072,,,,,,,,,0.21288801901769092,0,0,,0,,
320,0,,0.15757676512023347,,0.3533975368061489,,0,,0,0,0,0,0,0,0,0,0,0,0,0,,,,0.16122726647906008,,0.16782474607218922,,,,,0,0,0.15997368552236846,0,,
321,0,,,,,,0,,0,0,0,0,0,0,0,0,0,0,0,0,,,,,,,,,0.3265116000358451,,0,0,0.6734883999641549,0,,
322,0,,,,0.5925299139587609,,0,,0,0,0,0,0,0,0,0,0,0,0,0,,,,,0.4074700860412391,,,,,,0,0,,0,,
323,0,0.1303545179438717,,,0.2058426110127122,,0,,0,0,0,0,0,0,0,0,0,0,0,0,0.1382391624565479,,,,,,0.1281488964890817,0.12771759949166422,,0.13375002083945345,0,0,,0,0.13594719176666886,
324,0,,,,,,0,,0,0,0,0,0,0,0,0,0,0,0,0,0.2900159715990357,,,,0.29286747929096923,,,,,,0,0,,0,0.4171165491099951,
325,0,,,,,,0,,0,0,0,0,0,0,0,0,0,0,0,0,,,,,,,,,,,0,0,,0,1.0,
326,0,,,,,,0,,0,0,0,0,0,0,0,0,0,0,0,0,0.22298932837653707,,,,,,,0.2103814141377967,0.3419387332977669,0.22469052418789925,0,0,,0,,
327,0,,,,,,0,,0,0,0,0,0,0,0,0,0,0,0,0,,,,,,,,,1.0,,0,0,,0,,
328,0,,,0.4301493475300372,,,0,,0,0,0,0,0,0,0,0,0,0,0,0,0.2783150240907193,,,,0.2915356283792433,,,,,,0,0,,0,,
329,0,,,,,,0,,0,0,0,0,0,0,0,0,0,0,0,0,,,,,,,,,1.0,,0,0,,0,,
330,0,0.10704191839618676,0.09790594446922804,0.10046765399868912,,0.10235839794314658,0,,0,0,0,0,0,0,0,0,0,0,0,0,,0.10226205736991036,0.1064136506533776,,,,,,,,0,0,0.10225905920970126,0,0.1786471132476022,0.10264420471215817
331,0,,,,,,0,,0,0,0,0,0,0,0,0,0,0,0,0,,,,,,,,,,,0,0,,0,,1.0
332,0,,,,,,0,,0,0,0,0,0,0,0,0,0,0,0,0,,,,,,,,,1.0,,0,0,,0,,
333,0,,1.0,,,,0,,0,0,0,0,0,0,0,0,0,0,0,0,,,,,,,,,,,0,0,,0,,
334,0,,,,,,0,,0,0,0,0,0,0,0,0,0,0,0,0,,,,,,,,,,,0,0,1.0,0,,
335,0,,,,,,0,,0,0,0,0,0,0,0,0,0,0,0,0,,,,,,,1.0,,,,0,0,,0,,
336,0,,,,,,0,,0,0,0,0,0,0,0,0,0,0,0,0,,,,,,,,,,,0,0,1.0,0,,
337,0,,,,0.42189019392345456,,0,,0,0,0,0,0,0,0,0,0,0,0,0,,,,,0.2893350232412164,,,,,0.28877478283532904,0,0,,0,,
338,0,,,,,,0,,0,0,0,0,0,0,0,0,0,0,0,0,0.1776450134381247,,0.17525279002859606,,,,,0.17712605701846695,,0.2967931517871366,0,0,,0,0.1731829877276757,
339,0,,,,,,0,,0,0,0,0,0,0,0,0,0,0,0,0,,,,,,,,,,,0,0,1.0,0,,
340,0,,,,,,0,,0,0,0,0,0,0,0,0,0,0,0,0,,,0.2716338183756269,,,,,,,,0,0,,0,0.4709787721234357,0.2573874095009375
341,0,,,,,,0,,0,0,0,0,0,0,0,0,0,0,0,0,,,,,,,,,,,0,0,1.0,0,,
342,0,0.12734559437497844,,,0.20848261528836934,,0,,0,0,0,0,0,0,0,0,0,0,0,0,0.13677943571372805,,,,,,0.1273564527968434,0.12577657452890514,,0.13702832599981346,0,0,,0,0.1372310012973622,
343,0,,,,,,0,,0,0,0,0,0,0,0,0,0,0,0,0,,,,,,,,,,,0,0,1.0,0,,
344,0,,,,,,0,,0,0,0,0,0,0,0,0,0,0,0,0,,,,,0.4146319473859301,,0.58536805261407,,,,0,0,,0,,
345,0,,0.6067926403887056,,,,0,,0,0,0,0,0,0,0,0,0,0,0,0,,0.3932073596112944,,,,,,,,,0,0,,0,,
346,0,,,,,,0,,0,0,0,0,0,0,0,0,0,0,0,0,,,,,,,,,,,0,0,1.0,0,,
347,0,,,,,,0,,0,0,0,0,0,0,0,0,0,0,0,0,,,,,,,,,,,0,0,1.0,0,,
348,0,,,1.0,,,0,,0,0,0,0,0,0,0,0,0,0,0,0,,,,,,,,,,,0,0,,0,,
349,0,,,,,,0,,0,0,0,0,0,0,0,0,0,0,0,0,,,,,,,,,,,0,0,,0,,1.0
350,0,,,,,,0,,0,0,0,0,0,0,0,0,0,0,0,0,0.1840988959178776,0.17798545845041386,,,,,0.2858225457606777,0.18083880685846773,,,0,0,,0,0.1712542930125632,
351,0,,,,,,0,,0,0,0,0,0,0,0,0,0,0,0,0,,0.15171371054594052,0.14425558413268966,,,,0.2521128240410675,0.1554635759669617,,,0,0,,0,0.15035567420236334,0.1460986311109773
352,0,,,,,,0,,0,0,0,0,0,0,0,0,0,0,0,0,,,,,,,,,1.0,,0,0,,0,,
353,0,,,,,,0,,0,0,0,0,0,0,0,0,0,0,0,0,,,,,,,,,,,0,0,1.0,0,,
354,0,,,,0.12698736313955905,0.1210876743902692,0,,0,0,0,0,0,0,0,0,0,0,0,0,,,0.1338452175436621,,,0.12742734143006745,0.2321567061684078,,,,0,0,0.12576119588120738,0,,0.132734501446827
355,0,,,,,,0,,0,0,0,0,0,0,0,0,0,0,0,0,,,,,,,,,,,0,0,1.0,0,,
356,0,,0.10767594123511297,0.1109365124410266,0.11154141912818928,0.11123378494579764,0,,0,0,0,0,0,0,0,0,0,0,0,0,0.21170746496568432,,,,,0.11466253221684533,,,,,0,0,0.11295814777567867,0,,0.11928419729166526
357,0,,,,,,0,,0,0,0,0,0,0,0,0,0,0,0,0,0.2269164747349056,,,,0.3343388757342079,,,,,0.2187907709877627,0,0,,0,0.2199538785431239,
358,0,,,1.0,,,0,,0,0,0,0,0,0,0,0,0,0,0,0,,,,,,,,,,,0,0,,0,,
359,0,,,,,,0,,0,0,0,0,0,0,0,0,0,0,0,0,,,,,,,,,,,0,0,1.0,0,,
360,0,,,,,,0,,0,0,0,0,0,0,0,0,0,0,0,0,,,,,,,1.0,,,,0,0,,0,,
361,0,0.22707164035548266,,,,,0,,0,0,0,0,0,0,0,0,0,0,0,0,,,,,0.22047593591267514,,0.33029836304313137,,,0.2221540606887108,0,0,,0,,
362,0,,,,,,0,,0,0,0,0,0,0,0,0,0,0,0,0,,,,,,,1.0,,,,0,0,,0,,
363,0,,,,,,0,,0,0,0,0,0,0,0,0,0,0,0,0,,,,,0.40911323127580174,,,,,,0,0,0.5908867687241982,0,,
364,0,,,,,,0,,0,0,0,0,0,0,0,0,0,0,0,0,,,,,,,,,,,0,0,1.0,0,,
365,0,,,,,,0,,0,0,0,0,0,0,0,0,0,0,0,0,,,,,0.4188724202221761,,,0.581127579777824,,,0,0,,0,,
366,0,,,,,,0,,0,0,0,0,0,0,0,0,0,0,0,0,,,,,,,,,,,0,0,1.0,0,,
367,0,,,,,,0,,0,0,0,0,0,0,0,0,0,0,0,0,0.18090589541329846,0.18008834132537596,0.1707810317377571,,,,,,,0.18421376049108149,0,0,0.28401097103248696,0,,
368,0,,,,0.12247625099120794,,0,,0,0,0,0,0,0,0,0,0,0,0,0,0.13417361752342924,0.13247842912313532,,,,,0.1341318096840269,0.13269619677555372,,0.21210805031381064,0,0,,0,0.13193564558883625,
369,0,,,,,,0,,0,0,0,0,0,0,0,0,0,0,0,0,,0.2187474592589517,,,0.2216101488331344,,0.3415859388936083,,,0.2180564530143056,0,0,,0,,
370,0,,,,,,0,1.0,0,0,0,0,0,0,0,0,0,0,0,0,,,,,,,,,,,0,0,,0,,
371,0,,,,,,0,,0,0,0,0,0,0,0,0,0,0,0,0,,,1.0,,,,,,,,0,0,,0,,
372,0,,,,,,0,,0,0,0,0,0,0,0,0,0,0,0,0,,,,,0.28772685548274884,,,,,0.27576454553393553,0,0,0.4365085989833156,0,,
373,0,,,,,,0,,0,0,0,0,0,0,0,0,0,0,0,0,,,,,,,,1.0,,,0,0,,0,,
374,0,,,0.289097019284211,,0.17495570058448878,0,,0,0,0,0,0,0,0,0,0,0,0,0,,,,,,,0.17450373181736778,,,0.1783475888749883,0,0,,0,0.1830959594389441,
375,0,0.2224796678879777,,,,,0,,0,0,0,0,0,0,0,0,0,0,0,0,,,,,0.2156139543177246,,,0.3349495245210815,,0.2269568532732163,0,0,,0,,
376,0,,,,,,0,,0,0,0,0,0,0,0,0,0,0,0,0,0.2243492838686654,,0.12951080366576914,,,0.12281125773803722,0.13102510455081556,,,,0,0,0.12488237436730765,0,0.13426230625156402,0.13315886955784095
377,0,,,,,,0,,0,0,0,0,0,0,0,0,0,0,0,0,,0.2264062944029635,,,0.21379878982577696,,0.3438889361026068,,,0.2159059796686527,0,0,,0,,
378,0,,,,,,0,,0,0,0,0,0,0,0,0,0,0,0,0,,,,,,,1.0,,,,0,0,,0,,
379,0,,,,,,0,,0,0,0,0,0,0,0,0,0,0,0,0,,,,,,,,,1.0,,0,0,,0,,
380,0,,,,,,0,,0,0,0,0,0,0,0,0,0,0,0,0,0.2885894622059412,,,,0.2963882597944939,,,,,,0,0,0.4150222779995649,0,,
381,0,,0.20587055069527946,,0.11478612483392744,0.11123959609790213,0,,0,0,0,0,0,0,0,0,0,0,0,0,,0.1177568513595775,0.1174674172142424,,,0.10839146282039233,,,,,0,0,0.10872528396061457,0,,0.11576271301806415
382,0,0.10373383388227783,,0.1012428749598269,0.10067627180127496,,0,,0,0,0,0,0,0,0,0,0,0,0,0,,0.09952640570415602,0.0989424264780168,,,0.10011952229915368,,0.10913616039933753,,,0,0,0.1801444409921677,0,,0.1064780634837887
383,0,,,,,,0,,0,0,0,0,0,0,0,0,0,0,0,0,,,,1.0,,,,,,,0,0,,0,,
384,0,,,,,,0,,0,0,0,0,0,0,0,0,0,0,0,0,,0.392423325705714,,,,,,,,,0,0,,0,,0.607576674294286
385,0,,0.4275713413611149,,,,0,,0,0,0,0,0,0,0,0,0,0,0,0,,,,,,,,0.2846810997929581,,,0,0,,0,,0.287747558845927
386,0,0.2264675410948739,,,,,0,,0,0,0,0,0,0,0,0,0,0,0,0,0.21276653532709952,0.2109733944457723,,,,,,,,,0,0,0.3497925291322543,0,,
387,0,0.4268326280740313,,,,,0,,0,0,0,0,0,0,0,0,0,0,0,0,,,,,,0.5731673719259687,,,,,0,0,,0,,
388,0,,,,,,0,,0,0,0,0,0,0,0,0,0,0,0,0,,,,,,,,,,,0,0,,0,,1.0
389,0,0.14920109254108904,,,,0.14802399847076445,0,,0,0,0,0,0,0,0,0,0,0,0,0,,,,,,,0.2463562238718556,0.15512076709942416,,,0,0,0.14931000212425838,0,,0.1519879158926084
390,0,,1.0,,,,0,,0,0,0,0,0,0,0,0,0,0,0,0,,,,,,,,,,,0,0,,0,,
391,0,,0.2001615842140761,,0.3957494826505005,,0,,0,0,0,0,0,0,0,0,0,0,0,0,,,,0.20511091226437572,,,,,0.1989780208710475,,0,0,,0,,
392,0,,,,,,0,,0,0,0,0,0,0,0,0,0,0,0,0,,,1.0,,,,,,,,0,0,,0,,
393,0,,,,,,0,,0,0,0,0,0,0,0,0,0,0,0,0,,,,,,,,,,,0,0,1.0,0,,
394,0,,,,,,0,,0,0,0,0,0,0,0,0,0,0,0,0,,,,,,,,,,,0,0,,0,,1.0
395,0,,,,,,0,,0,0,0,0,0,0,0,0,0,0,0,0,0.17921858740854815,0.18011353618473971,,,,,,0.17236032928028566,,,0,0,0.2986187181871268,0,0.16968882893929965,
396,0,,,0.5948338736713152,,,0,,0,0,0,0,0,0,0,0,0,0,0,0,,,,,0.4051661263286848,,,,,,0,0,,0,,
397,0,,,,,,0,,0,0,0,0,0,0,0,0,0,0,0,0,,,,,,,,,,,0,0,1.0,0,,
398,0,0.2282799459585105,,,,,0,,0,0,0,0,0,0,0,0,0,0,0,0,,,,,0.22115728280302804,,,,,0.22020838057130107,0,0,,0,,0.33035439066716044
399,0,,,,,,0,,0,0,0,0,0,0,0,0,0,0,0,0,,,,,0.4170252148215672,,0.5829747851784328,,,,0,0,,0,,
400,0,,,,,,0,,0,0,0,0,0,0,0,0,0,0,0,0,,,,,,,,,1.0,,0,0,,0,,
401,0,,,,,,0,,0,0,0,0,0,0,0,0,0,0,0,0,,,,,,,,,,,0,0,1.0,0,,
402,0,,,,,,0,,0,0,0,0,0,0,0,0,0,0,0,0,,,1.0,,,,,,,,0,0,,0,,
403,0,,,,,,0,,0,0,0,0,0,0,0,0,0,0,0,0,,,,,,,,,,,0,0,1.0,0,,
404,0,0.2240611504482557,,,,,0,,0,0,0,0,0,0,0,0,0,0,0,0,,,,,0.2212071225294148,,,,,0.21886929204148725,0,0,0.33586243498084223,0,,
405,0,,,,,,0,,0,0,0,0,0,0,0,0,0,0,0,0,,,1.0,,,,,,,,0,0,,0,,
406,0,,,,,,0,,0,0,0,0,0,0,0,0,0,0,0,0,,,1.0,,,,,,,,0,0,,0,,
407,0,,,,,,0,,0,0,0,0,0,0,0,0,0,0,0,0,,,,,,,1.0,,,,0,0,,0,,
408,0,,,,,,0,,0,0,0,0,0,0,0,0,0,0,0,0,0.13461767294148014,0.1314404312395459,0.12635100656864576,,,,0.2100566738735623,0.12697763694479222,,0.1349866487451735,0,0,,0,0.1355699296868001,
409,0,,,,,,0,,0,0,0,0,0,0,0,0,0,0,0,0,0.2847678869089211,,,,0.297757498423959,,0.4174746146671198,,,,0,0,,0,,
410,0,,,,0.17898107284891793,,0,,0,0,0,0,0,0,0,0,0,0,0,0,,,0.16927817701011613,,,,0.17663637960909598,0.3033208746960858,,,0,0,,0,,0.17178349583578414
411,0,,,,0.1505853561225747,,0,,0,0,0,0,0,0,0,0,0,0,0,0,,,0.14482801208061702,,,,0.1490493821434655,0.25751392062349737,,,0,0,,0,0.15187777816141013,0.14614555086843528
412,0,,,,,,0,,0,0,0,0,0,0,0,0,0,0,0,0,,,,,0.4125971836377104,,,,,,0,0,,0,0.5874028163622896,
413,0,0.17698748000974585,,,,,0,,0,0,0,0,0,0,0,0,0,0,0,0,,,,,,,0.17362146553761387,0.1760512563034559,,0.18602757823415333,0,0,,0,0.2873122199150312,
414,0,,,,,,0,,0,0,0,0,0,0,0,0,0,0,0,0,1.0,,,,,,,,,,0,0,,0,,
415,0,0.1744808714842688,,,,,0,,0,0,0,0,0,0,0,0,0,0,0,0,0.2857019602457473,,,,,,0.1794541608621259,0.17401082574445564,,0.18635218166340245,0,0,,0,,
416,0,,,,,,0,,0,0,0,0,0,0,0,0,0,0,0,0,,,,,,,,,,,0,0,1.0,0,,
417,0,,,,,,0,,0,0,0,0,0,0,0,0,0,0,0,0,1.0,,,,,,,,,,0,0,,0,,
418,0,0.17698748000974585,,,,,0,,0,0,0,0,0,0,0,0,0,0,0,0,,,,,,,0.17362146553761387,0.1760512563034559,,0.18602757823415333,0,0,,0,0.2873122199150312,
419,0,,,,,,0,,0,0,0,0,0,0,0,0,0,0,0,0,,,1.0,,,,,,,,0,0,,0,,
420,0,,,,,,0,,0,0,0,0,0,0,0,0,0,0,0,0,,,,,0.4125971836377104,,,,,,0,0,,0,0.5874028163622896,
421,0,,,,0.1505853561225747,,0,,0,0,0,0,0,0,0,0,0,0,0,0,,,0.14482801208061702,,,,0.1490493821434655,0.25751392062349737,,,0,0,,0,0.15187777816141013,0.14614555086843528
422,0,,,,,,0,,0,0,0,0,0,0,0,0,0,0,0,0,,,,,,,,1.0,,,0,0,,0,,
423,0,,,,,,0,,0,0,0,0,0,0,0,0,0,0,0,0,0.2847678869089211,,,,0.297757498423959,,0.4174746146671198,,,,0,0,,0,,
424,0,,,,,,0,,0,0,0,0,0,0,0,0,0,0,0,0,0.13461767294148014,0.1314404312395459,0.12635100656864576,,,,0.2100566738735623,0.12697763694479222,,0.1349866487451735,0,0,,0,0.1355699296868001,
425,0,,,,,,0,,0,0,0,0,0,0,0,0,0,0,0,0,,,,,,,1.0,,,,0,0,,0,,
426,0,,,,,,0,,0,0,0,0,0,0,0,0,0,0,0,0,,,1.0,,,,,,,,0,0,,0,,
427,0,,,,,,0,,0,0,0,0,0,0,0,0,0,0,0,0,,,,,,,,,,,0,0,1.0,0,,
428,0,,,,,,0,,0,0,0,0,0,0,0,0,0,0,0,0,,,,,,,,,1.0,,0,0,,0,,
429,0,,,,,,0,,0,0,0,0,0,0,0,0,0,0,0,0,,,,,,,,,1.0,,0,0,,0,,
430,0,,,,,,0,,0,0,0,0,0,0,0,0,0,0,0,0,,,1.0,,,,,,,,0,0,,0,,
431,0,,,,,,0,,0,0,0,0,0,0,0,0,0,0,0,0,,,,,,,1.0,,,,0,0,,0,,
432,0,,,,,,0,,0,0,0,0,0,0,0,0,0,0,0,0,,,,,,,1.0,,,,0,0,,0,,
433,0,0.2195304139403313,,,,,0,,0,0,0,0,0,0,0,0,0,0,0,0,,,,,0.2273923553104513,,0.3323508009118512,,,0.22072642983736607,0,0,,0,,
434,0,,,1.0,,,0,,0,0,0,0,0,0,0,0,0,0,0,0,,,,,,,,,,,0,0,,0,,
435,0,,,,,,0,,0,0,0,0,0,0,0,0,0,0,0,0,,,,,0.4059341196104783,,,,0.5940658803895216,,0,0,,0,,
436,0,0.2240611504482557,,,,,0,,0,0,0,0,0,0,0,0,0,0,0,0,,,,,0.2212071225294148,,,,,0.21886929204148725,0,0,0.33586243498084223,0,,
437,0,,,,,,0,,0,0,0,0,0,0,0,0,0,0,0,0,,,,,0.4170252148215672,,0.5829747851784328,,,,0,0,,0,,
438,0,0.2282799459585105,,,,,0,,0,0,0,0,0,0,0,0,0,0,0,0,,,,,0.22115728280302804,,,,,0.22020838057130107,0,0,,0,,0.33035439066716044
439,0,,,,,,0,,0,0,0,0,0,0,0,0,0,0,0,0,,,,,0.40925461757725895,,,,,,0,0,0.5907453824227411,0,,
440,0,,0.14895334099090585,0.14617980430170022,0.14986402742834626,0.13930663759908296,0,0.2752993321889917,0,0,0,0,0,0,0,0,0,0,0,0,,,,0.14039685749097305,,,,,,,0,0,,0,,
441,0,,1.0,,,,0,,0,0,0,0,0,0,0,0,0,0,0,0,,,,,,,,,,,0,0,,0,,
442,0,,,,,,0,,0,0,0,0,0,0,0,0,0,0,0,0,,,,,,,1.0,,,,0,0,,0,,
443,0,,,,,,0,,0,0,0,0,0,0,0,0,0,0,0,0,,,,,,,1.0,,,,0,0,,0,,
444,0,,,,,,0,,0,0,0,0,0,0,0,0,0,0,0,0,,,,,1.0,,,,,,0,0,,0,,
445,0,,,,,,0,,0,0,0,0,0,0,0,0,0,0,0,0,,,,,1.0,,,,,,0,0,,0,,
446,0,,,1.0,,,0,,0,0,0,0,0,0,0,0,0,0,0,0,,,,,,,,,,,0,0,,0,,
447,0,,,,,,0,,0,0,0,0,0,0,0,0,0,0,0,0,,0.21301783965963464,,,,,0.35235207552603465,0.2148353195822215,,,0,0,,0,0.2197947652321091,
448,0,,0.28034947457352954,,,,0,,0,0,0,0,0,0,0,0,0,0,0,0,0.18813232129041352,,,,,,0.1720777036067517,,,0.18122590558014612,0,0,,0,0.17821459494915906,
449,0,,,,,,0,,0,0,0,0,0,0,0,0,0,0,0,0,,,,,,,,,,,0,0,1.0,0,,
450,0,,0.12798731841435873,,,0.130824295579058,0,,0,0,0,0,0,0,0,0,0,0,0,0,,,,0.11861560656183665,0.24704651380679565,0.1284332471257066,,,0.11647292529695552,,0,0,0.13062009321528886,0,,
451,0,,,,0.5205559784363509,,0,,0,0,0,0,0,0,0,0,0,0,0,0,,,,0.2467356745261497,,,,,0.2327083470374993,,0,0,,0,,
452,0,,,,,,0,,0,0,0,0,0,0,0,0,0,0,0,0,,,1.0,,,,,,,,0,0,,0,,
453,0,,,,,,0,,0,0,0,0,0,0,0,0,0,0,0,0,0.2158288009282851,,,,0.22708488069473146,,,,0.3345761447889732,0.2225101735880103,0,0,,0,,
454,0,,,,,,0,,0,0,0,0,0,0,0,0,0,0,0,0,,,,,,,,,,,0,0,,0,,1.0
455,0,,,,,,0,,0,0,0,0,0,0,0,0,0,0,0,0,,,,,,,,,,,0,0,1.0,0,,
456,0,,,,,,0,,0,0,0,0,0,0,0,0,0,0,0,0,,,,,0.2954542617174064,,,0.4191248630842159,,0.2854208751983777,0,0,,0,,
457,0,,,,,,0,,0,0,0,0,0,0,0,0,0,0,0,0,,,,,0.4131836380614293,,0.5868163619385707,,,,0,0,,0,,
458,0,,,,,,0,,0,0,0,0,0,0,0,0,0,0,0,0,,,,,,,1.0,,,,0,0,,0,,
459,0,,,0.34450534238816194,,,0,,0,0,0,0,0,0,0,0,0,0,0,0,,0.2153105663873372,,,0.22090154038860407,,,,,0.21928255083589684,0,0,,0,,
460,0,,0.17591119238608582,,,,0,,0,0,0,0,0,0,0,0,0,0,0,0,,0.10310100209469668,0.10063566865737064,,,,0.10158900880227956,0.10038051373753357,,0.10718646436317343,0,0,0.10330332973731164,0,0.1037220498147128,0.10417077040683596
461,0,,,,,,0,,0,0,0,0,0,0,0,0,0,0,0,0,,0.21886563800868275,,,0.22387260556398866,,,0.20978219061754524,,,0,0,,0,,0.3474795658097833
462,0,,,,,,0,,0,0,0,0,0,0,0,0,0,0,0,0,,,1.0,,,,,,,,0,0,,0,,
463,0,,,,,,0,,0,0,0,0,0,0,0,0,0,0,0,0,0.2259015512005297,,,,0.22778554184516825,,,,,0.2144949028827552,0,0,,0,,0.3318180040715468
464,0,,,,,,0,,0,0,0,0,0,0,0,0,0,0,0,0,,,,,,,,,,,0,0,1.0,0,,
465,0,,,,,,0,,0,0,0,0,0,0,0,0,0,0,0,0,0.2908452693814644,,,,0.2900751154133928,,0.4190796152051428,,,,0,0,,0,,
466,0,,,,1.0,,0,,0,0,0,0,0,0,0,0,0,0,0,0,,,,,,,,,,,0,0,,0,,
467,0,,0.12637642372585012,,,,0,0.22120491680612872,0,0,0,0,0,0,0,0,0,0,0,0,,,,,0.1339391361799699,,0.12634395821631858,,,,0,0,0.13533245596853907,0,0.12845814603047548,0.12834496307271806
468,0,,,,,0.4312256217669527,0,,0,0,0,0,0,0,0,0,0,0,0,0,0.28769094608040274,,,,,,,,,,0,0,,0,0.28108343215264464,
469,0,,,,,,0,,0,0,0,0,0,0,0,0,0,0,0,0,,,,,,,,,,,0,0,1.0,0,,
470,0,,,,,,0,,0,0,0,0,0,0,0,0,0,0,0,0,,,,,,,,,1.0,,0,0,,0,,
471,0,,,,,,0,,0,0,0,0,0,0,0,0,0,0,0,0,,,,,,,1.0,,,,0,0,,0,,
472,0,,,,,,0,,0,0,0,0,0,0,0,0,0,0,0,0,0.5982875682674564,,,,0.4017124317325436,,,,,,0,0,,0,,
473,0,0.18539346101170967,,,,,0,,0,0,0,0,0,0,0,0,0,0,0,0,0.18262273734322013,0.1740935946012214,,,,,,0.2841612871091651,,,0,0,,0,0.17372891993468373,
474,0,,,,,,0,,0,0,0,0,0,0,0,0,0,0,0,0,,,,,,,1.0,,,,0,0,,0,,
475,0,,,,,,0,,0,0,0,0,0,0,0,0,0,0,0,0,,,,,,,1.0,,,,0,0,,0,,
476,0,,,1.0,,,0,,0,0,0,0,0,0,0,0,0,0,0,0,,,,,,,,,,,0,0,,0,,
477,0,,,,,,0,,0,0,0,0,0,0,0,0,0,0,0,0,0.4230662463353451,,,,0.2935642881697598,,,,,0.283369465494895,0,0,,0,,
478,0,,,,,,0,,0,0,0,0,0,0,0,0,0,0,0,0,0.2786767891300433,,,,,,,,,,0,0,0.2902975965916281,0,0.43102561427832864,
479,0,,,,1.0,,0,,0,0,0,0,0,0,0,0,0,0,0,0,,,,,,,,,,,0,0,,0,,
480,0,,,,,,0,,0,0,0,0,0,0,0,0,0,0,0,0,,,,,,,,,,1.0,0,0,,0,,
481,0,,,,,,0,,0,0,0,0,0,0,0,0,0,0,0,0,,,,,,,,,,,0,0,,0,,1.0
482,0,,,0.1314078043687603,0.12317422211841313,0.1289733315007264,0,,0,0,0,0,0,0,0,0,0,0,0,0,,0.1330997094971871,0.13124373834316325,,,0.2304891664386208,,,0.121612027733129,,0,0,,0,,
483,0,,,,,,0,,0,0,0,0,0,0,0,0,0,0,0,0,,,,,,,,,,,0,0,1.0,0,,
484,0,,,,,,0,,0,0,0,0,0,0,0,0,0,0,0,0,,,,,,,1.0,,,,0,0,,0,,
485,0,,,,,,0,,0,0,0,0,0,0,0,0,0,0,0,0,,,,,,,,1.0,,,0,0,,0,,
486,0,,,,,,0,,0,0,0,0,0,0,0,0,0,0,0,0,,,,,0.4002665480960009,,0.599733451903999,,,,0,0,,0,,
487,0,,,,,,0,,0,0,0,0,0,0,0,0,0,0,0,0,,,,,,,,,,,0,0,1.0,0,,
488,0,,,,,0.5863125592288922,0,,0,0,0,0,0,0,0,0,0,0,0,0,,,,,0.41368744077110775,,,,,,0,0,,0,,
489,0,0.13636563281741484,,,0.21188483355736745,,0,,0,0,0,0,0,0,0,0,0,0,0,0,0.13261216006750115,0.126005172634518,,,,,,0.1284019887435613,,0.1365258431521549,0,0,,0,0.12820436902748242,
490,0,,,,,,0,,0,0,0,0,0,0,0,0,0,0,0,0,0.41574896706360576,,,,,,,,,,0,0,0.5842510329363941,0,,
491,0,0.28602513694321346,0.14337321167029107,0.1465478523033884,,0.14006238870419493,0,,0,0,0,0,0,0,0,0,0,0,0,0,,,,0.1466934551518068,,,,,0.13729795522710525,,0,0,,0,,
492,0,,,,,,0,,0,0,0,0,0,0,0,0,0,0,0,0,,,,,,,,,,,0,0,1.0,0,,
493,0,,,,,0.5952476620945502,0,,0,0,0,0,0,0,0,0,0,0,0,0,,,,,0.4047523379054499,,,,,,0,0,,0,,
494,0,,,,1.0,,0,,0,0,0,0,0,0,0,0,0,0,0,0,,,,,,,,,,,0,0,,0,,
495,0,,,,,,0,,0,0,0,0,0,0,0,0,0,0,0,0,,,,,1.0,,,,,,0,0,,0,,
496,0,,,,,,0,,0,0,0,0,0,0,0,0,0,0,0,0,0.5838969991981869,,,,0.41610300080181295,,,,,,0,0,,0,,
497,0,,,0.1709966456091289,0.16921811589833602,,0,,0,0,0,0,0,0,0,0,0,0,0,0,,,,0.16575641347212222,,0.1662442946265867,,,,,0,0,0.32778453039382616,0,,
498,0,0.4063947981096013,,,,,0,,0,0,0,0,0,0,0,0,0,0,0,0,,,,,,,,,,,0,0,0.5936052018903988,0,,
499,0,,,,,,0,,0,0,0,0,0,0,0,0,0,0,0,0,,,,,,,,,,,0,0,1.0,0,,
500,0,,,,,,0,,0,0,0,0,0,0,0,0,0,0,0,0,,,,,,,,,,1.0,0,0,,0,,
501,0,,,,,,0,,0,0,0,0,0,0,0,0,0,0,0,0,,,,,,,1.0,,,,0,0,,0,,
502,0,0.15599797358683512,,,,,0,,0,0,0,0,0,0,0,0,0,0,0,0,0.24508807783584066,0.14758511573483085,,,,,,0.1462253234253689,,0.15908272521153552,0,0,,0,0.14602078420558895,
503,0,0.2906673285960596,,,,,0,,0,0,0,0,0,0,0,0,0,0,0,0,,,,,0.2872879307118283,,0.4220447406921121,,,,0,0,,0,,
504,0,,,,,,0,,0,0,0,0,0,0,0,0,0,0,0,0,,,,,,,1.0,,,,0,0,,0,,
505,0,,,,,,0,,0,0,0,0,0,0,0,0,0,0,0,0,,,1.0,,,,,,,,0,0,,0,,
506,0,,,,,,0,,0,0,0,0,0,0,0,0,0,0,0,0,,,,,,,,,,,0,0,1.0,0,,
507,0,,,,,,0,,0,0,0,0,0,0,0,0,0,0,0,0,,,,,,,,,,,0,0,1.0,0,,
508,0,,0.09829374196168486,,0.09980014841825917,0.09854972434369773,0,,0,0,0,0,0,0,0,0,0,0,0,0,,0.10787484050336796,0.1060274969762557,,,0.0994011945179862,0.18174259398225207,,,,0,0,0.10175582377204684,0,,0.10655443552444932
509,0,,,0.1256878738392985,0.2268876244185707,,0,,0,0,0,0,0,0,0,0,0,0,0,0,,0.13429856172557295,0.1263007014959696,,,,0.13094608867882593,0.1330749970680927,,,0,0,,0,,0.1228041527736695
510,0,,,,,,0,,0,0,0,0,0,0,0,0,0,0,0,0,0.2231760833528144,,,,0.2331750808986487,,0.3240985014924233,,,0.2195503342561136,0,0,,0,,
511,0,0.4084608271732728,,,,,0,,0,0,0,0,0,0,0,0,0,0,0,0,,,,,,,0.5915391728267273,,,,0,0,,0,,
512,0,0.30036107833926584,,,,,0,,0,0,0,0,0,0,0,0,0,0,0,0,,0.28603139745239675,0.4136075242083373,,,,,,,,0,0,,0,,
513,0,,,,,,0,,0,0,0,0,0,0,0,0,0,0,0,0,,,,,,,,1.0,,,0,0,,0,,
514,0,,,,,,0,,0,0,0,0,0,0,0,0,0,0,0,0,,,,,0.40930194918048496,,,,,0.590698050819515,0,0,,0,,
515,0,,,,,,0,,0,0,0,0,0,0,0,0,0,0,0,0,0.3935861236459683,,,,,,0.6064138763540318,,,,0,0,,0,,
516,0,0.2909362925298008,,0.4246226303347399,,,0,,0,0,0,0,0,0,0,0,0,0,0,0,,,,,0.2844410771354594,,,,,,0,0,,0,,
517,0,,0.13511532130853712,,,0.14811269461748833,0,,0,0,0,0,0,0,0,0,0,0,0,0,,,,0.1412515571843235,0.2945299618474549,0.14187904532177015,,,,,0,0,0.13911141972042604,0,,
518,0,,,,,,0,,0,0,0,0,0,0,0,0,0,0,0,0,,,,,,,,1.0,,,0,0,,0,,
519,0,,,,0.4386420080507936,,0,,0,0,0,0,0,0,0,0,0,0,0,0,,0.2729942591247218,,,,,,,,0.2883637328244845,0,0,,0,,
520,0,,,,,,0,,0,0,0,0,0,0,0,0,0,0,0,0,,1.0,,,,,,,,,0,0,,0,,
521,0,,,,,,0,,0,0,0,0,0,0,0,0,0,0,0,0,,1.0,,,,,,,,,0,0,,0,,
522,0,0.4134773526714361,,,,,0,,0,0,0,0,0,0,0,0,0,0,0,0,,,,,,,,,,,0,0,0.586522647328564,0,,
523,0,,,,,,0,,0,0,0,0,0,0,0,0,0,0,0,0,,,,,0.4149912015532035,,0.5850087984467964,,,,0,0,,0,,
524,0,,,,,,0,,0,0,0,0,0,0,0,0,0,0,0,0,,1.0,,,,,,,,,0,0,,0,,
525,0,,,,,,0,,0,0,0,0,0,0,0,0,0,0,0,0,0.2875438719670444,,,,0.2917002247630834,,,,,,0,0,0.4207559032698723,0,,
526,0,,,,,,0,,0,0,0,0,0,0,0,0,0,0,0,0,,,,,,,,,,,0,0,,0,,1.0
527,0,,,0.2598690643900427,0.1415656768595452,,0,,0,0,0,0,0,0,0,0,0,0,0,0,,,0.14959565432167574,,,,0.14569354916007846,0.15309047318242675,,,0,0,,0,0.1501855820862311,
528,0,,,,,,0,,0,0,0,0,0,0,0,0,0,0,0,0,,,,,,,,,,,0,0,1.0,0,,
529,0,,,,,,0,,0,0,0,0,0,0,0,0,0,0,0,0,0.1825007332683988,0.1753642932451796,,,,,0.28935128853940106,0.17564080865185122,,,0,0,,0,0.17714287629516925,
530,0,,,,,,0,,0,0,0,0,0,0,0,0,0,0,0,0,,,,,,,,,,,0,0,1.0,0,,
531,0,,,,,,0,,0,0,0,0,0,0,0,0,0,0,0,0,,,,,,,1.0,,,,0,0,,0,,
532,0,,,,,,0,,0,0,0,0,0,0,0,0,0,0,0,0,0.2908164136817044,,,,0.2909040124854241,,,,,,0,0,0.4182795738328715,0,,
533,0,,,,,,0,,0,0,0,0,0,0,0,0,0,0,0,0,0.5085203865994382,,,0.2447206716964425,,,,,0.2467589417041192,,0,0,,0,,
534,0,0.2238066721710224,,,,,0,,0,0,0,0,0,0,0,0,0,0,0,0,0.22095544322619687,0.2110288332930508,,,,,,,,0.34420905130972984,0,0,,0,,
535,0,,,,,,0,,0,0,0,0,0,0,0,0,0,0,0,0,,,,,0.40911116106372336,,,,0.5908888389362768,,0,0,,0,,
536,0,,,,,,0,,0,0,0,0,0,0,0,0,0,0,0,0,,,,,,,,,,,0,0,1.0,0,,
537,0,,,,,,0,,0,0,0,0,0,0,0,0,0,0,0,0,,0.21629560899476616,,,0.2212377294095748,,0.3393384480790001,,,0.22312821351665896,0,0,,0,,
538,0,,,,,,0,,0,0,0,0,0,0,0,0,0,0,0,0,,,,,0.42528979796508987,,0.5747102020349102,,,,0,0,,0,,
539,0,,,,,,0,,0,0,0,0,0,0,0,0,0,0,0,0,,,,,,,,,,,0,0,1.0,0,,
540,0,,0.1460501928895785,,0.14664582983099556,0.2696314138165858,0,,0,0,0,0,0,0,0,0,0,0,0,0,,0.14309842975237574,,,,0.1486330504013132,,,0.14594108330915126,,0,0,,0,,
541,0,,0.14157177690115055,0.14945835469569452,0.14777119599156635,0.1423092854710434,0,,0,0,0,0,0,0,0,0,0,0,0,0,,,,,,0.15042523007540656,,,0.2684641568651387,,0,0,,0,,
542,0,,,,,0.20029130710939905,0,,0,0,0,0,0,0,0,0,0,0,0,0,0.4102863750064748,,,0.2002220725943376,,,,,0.1892002452897885,,0,0,,0,,
543,0,,,,,,0,,0,0,0,0,0,0,0,0,0,0,0,0,1.0,,,,,,,,,,0,0,,0,,
544,0,,,,,,0,,0,0,0,0,0,0,0,0,0,0,0,0,,,,,0.2890159042716137,,0.4240781584366615,,,0.2869059372917248,0,0,,0,,
545,0,,,,,,0,,0,0,0,0,0,0,0,0,0,0,0,0,,,1.0,,,,,,,,0,0,,0,,
546,0,,,,,,0,,0,0,0,0,0,0,0,0,0,0,0,0,,,,,,,1.0,,,,0,0,,0,,
547,0,,,,,,0,,0,0,0,0,0,0,0,0,0,0,0,0,,,,,,,1.0,,,,0,0,,0,,
548,0,,,,,,0,,0,0,0,0,0,0,0,0,0,0,0,0,,,,,,,,,,,0,0,1.0,0,,
549,0,,,,0.3537673597999606,,0,,0,0,0,0,0,0,0,0,0,0,0,0,0.2133043190185966,0.2232572295812146,,,,,,0.20967109160022807,,,0,0,,0,,
550,0,,,,,,0,,0,0,0,0,0,0,0,0,0,0,0,0,,,,,0.4030504539615136,,,,,,0,0,0.5969495460384865,0,,
551,0,0.2935927989769793,,,,,0,,0,0,0,0,0,0,0,0,0,0,0,0,,,,,0.28400859695591524,,,,,,0,0,,0,,0.4223986040671055
552,0,0.193674020913182,,0.11173963764862717,,,0,,0,0,0,0,0,0,0,0,0,0,0,0,,,0.1114938541106832,,,,0.12096648873840125,0.11423445419726395,,,0,0,0.11434523322268238,0,0.1168228949191898,0.11672341624997012
553,0,,,,,,0,,0,0,0,0,0,0,0,0,0,0,0,0,0.1840988959178776,0.17798545845041386,,,,,0.2858225457606777,0.18083880685846773,,,0,0,,0,0.1712542930125632,
554,0,,,,,,0,,0,0,0,0,0,0,0,0,0,0,0,0,,0.15171371054594052,0.14425558413268966,,,,0.2521128240410675,0.1554635759669617,,,0,0,,0,0.15035567420236334,0.1460986311109773
555,0,,,,,,0,,0,0,0,0,0,0,0,0,0,0,0,0,0.3987922429123429,,,,,,,0.6012077570876571,,,0,0,,0,,
556,0,,,,,,0,,0,0,0,0,0,0,0,0,0,0,0,0,,,,,,,,1.0,,,0,0,,0,,
557,0,,,,0.1703739566434477,,0,,0,0,0,0,0,0,0,0,0,0,0,0,,,0.17486107785168306,,,,0.17553822226985807,0.3093668220315216,,,0,0,,0,,0.16985992120348964
558,0,0.21399291694672087,,,0.3462654185884703,,0,,0,0,0,0,0,0,0,0,0,0,0,0,0.2257617399744517,,,,,,,0.2139799244903572,,,0,0,,0,,
559,0,,,,,,0,,0,0,0,0,0,0,0,0,0,0,0,0,,,,,,,1.0,,,,0,0,,0,,
560,0,,,0.11312602040120127,,0.1130499332438788,0,,0,0,0,0,0,0,0,0,0,0,0,0,,0.11207214317344297,0.11652095282809972,,,0.11032390952721796,0.1188543712335124,0.11776378003656594,,,0,0,,0,0.1982888895560808,
561,0,,,,,,0,,0,0,0,0,0,0,0,0,0,0,0,0,,,,,,,1.0,,,,0,0,,0,,
562,0,,,,,,0,,0,0,0,0,0,0,0,0,0,0,0,0,,,,,,,1.0,,,,0,0,,0,,
563,0,,,,,,0,,0,0,0,0,0,0,0,0,0,0,0,0,,0.21339111670592928,,,0.2228225453401592,,,,0.33958787400760104,0.2241984639463106,0,0,,0,,
564,0,,,,,,0,,0,0,0,0,0,0,0,0,0,0,0,0,,,,,,,,,,,0,0,1.0,0,,
565,0,,,,,,0,,0,0,0,0,0,0,0,0,0,0,0,0,,,,,,,,,,,0,0,1.0,0,,
566,0,,,0.1459383837252419,,0.15089625402684811,0,,0,0,0,0,0,0,0,0,0,0,0,0,0.15925997978725062,,,,,,,,,0.14798497312104902,0,0,0.24749575440614,0,0.14842465493347048,
567,0,,,,,0.2474550802216141,0,,0,0,0,0,0,0,0,0,0,0,0,0,0.15233782244868574,0.15420185383408644,0.14285861159504906,,,,,0.14821067008321756,,,0,0,,0,0.15493596181734706,
568,0,0.40726942031398816,,,,,0,,0,0,0,0,0,0,0,0,0,0,0,0,,,,,,,0.5927305796860118,,,,0,0,,0,,
569,0,0.3132739087339082,,0.16895004255833956,,,0,,0,0,0,0,0,0,0,0,0,0,0,0,,,0.1718979956841323,,,0.17018198403461665,,,,,0,0,,0,,0.17569606898900325
570,0,,,,,,0,,0,0,0,0,0,0,0,0,0,0,0,0,,,,,,,1.0,,,,0,0,,0,,
571,0,,,,,,0,,0,0,0,0,0,0,0,0,0,0,0,0,,,,,,,,1.0,,,0,0,,0,,
572,0,0.1847023700115425,,,,,0,,0,0,0,0,0,0,0,0,0,0,0,0,,0.1750931769478723,,,0.1850194637708616,,0.2748404187161257,,,0.1803445705535979,0,0,,0,,
573,0,,,,,,0,,0,0,0,0,0,0,0,0,0,0,0,0,0.22504580583398892,,,,,,0.3347455217882417,,,0.22132347475896802,0,0,,0,0.2188851976188014,
574,0,,,,,,0,,0,0,0,0,0,0,0,0,0,0,0,0,,,1.0,,,,,,,,0,0,,0,,
575,0,,,,,,0,,0,0,0,0,0,0,0,0,0,0,0,0,0.2862962674858373,,,,0.2950759401112576,,0.4186277924029052,,,,0,0,,0,,
576,0,,,,,,0,,0,0,0,0,0,0,0,0,0,0,0,0,,,0.13216219607444862,,,0.12465792041291004,,0.12733595183274146,,0.13571572481012478,0,0,0.2186270364133193,0,0.12488186327880575,0.13661930717765014
577,0,,,,1.0,,0,,0,0,0,0,0,0,0,0,0,0,0,0,,,,,,,,,,,0,0,,0,,
578,0,,,,,,0,,0,0,0,0,0,0,0,0,0,0,0,0,,,,,,,,,,,0,0,1.0,0,,
579,0,,,,,,0,1.0,0,0,0,0,0,0,0,0,0,0,0,0,,,,,,,,,,,0,0,,0,,
580,0,,,,,,0,,0,0,0,0,0,0,0,0,0,0,0,0,,,1.0,,,,,,,,0,0,,0,,
581,0,,,,,,0,,0,0,0,0,0,0,0,0,0,0,0,0,,,,,,,1.0,,,,0,0,,0,,
582,0,,,,1.0,,0,,0,0,0,0,0,0,0,0,0,0,0,0,,,,,,,,,,,0,0,,0,,
583,0,,,0.16824086872380686,,0.17939176594529044,0,,0,0,0,0,0,0,0,0,0,0,0,0,,,,,,,0.3174613185459583,,,,0,0,0.16855038013142007,0,,0.1663556666535243
584,0,,,,,,0,,0,0,0,0,0,0,0,0,0,0,0,0,,,,,,,,,,,0,0,,0,1.0,
585,0,,,,,,0,,0,0,0,0,0,0,0,0,0,0,0,0,,,,,,,1.0,,,,0,0,,0,,
586,0,,,,,,0,,0,0,0,0,0,0,0,0,0,0,0,0,,,,,,,1.0,,,,0,0,,0,,
587,0,,,,,,0,,0,0,0,0,0,0,0,0,0,0,0,0,,,,,,,1.0,,,,0,0,,0,,
588,0,,,,1.0,,0,,0,0,0,0,0,0,0,0,0,0,0,0,,,,,,,,,,,0,0,,0,,
589,0,,,0.16824086872380686,,0.17939176594529044,0,,0,0,0,0,0,0,0,0,0,0,0,0,,,,,,,0.3174613185459583,,,,0,0,0.16855038013142007,0,,0.1663556666535243
590,0,,,,,,0,,0,0,0,0,0,0,0,0,0,0,0,0,,,,,,,,,,,0,0,,0,1.0,
591,0,,,,,,0,,0,0,0,0,0,0,0,0,0,0,0,0,,,,,,,1.0,,,,0,0,,0,,
592,0,,,,,,0,,0,0,0,0,0,0,0,0,0,0,0,0,,,,,,,1.0,,,,0,0,,0,,
593,0,,,,0.5804604923942503,,0,,0,0,0,0,0,0,0,0,0,0,0,0,,,,,0.4195395076057496,,,,,,0,0,,0,,
594,0,,,0.1404316836509691,0.142164639781533,,0,,0,0,0,0,0,0,0,0,0,0,0,0,,,,,,,0.14830254988443015,,,0.2718637793003412,0,0,,0,0.1534337975817487,0.1438035498009779
595,0,,,,,,0,,0,0,0,0,0,0,0,0,0,0,0,0,,,,,,,1.0,,,,0,0,,0,,
596,0,,,,0.2906736957794928,,0,,0,0,0,0,0,0,0,0,0,0,0,0,0.1820331563690021,0.17890388125766926,,,,,,0.17041502813361029,,,0,0,,0,0.17797423846022567,
597,0,,,,,,0,,0,0,0,0,0,0,0,0,0,0,0,0,,,,,,,,,,,0,0,,0,,1.0
598,0,,,,,,0,,0,0,0,0,0,0,0,0,0,0,0,0,0.2846034901172173,,,,,,,0.4339395457509059,,0.2814569641318767,0,0,,0,,
599,0,,,,,0.6992999644137007,0,,0,0,0,0,0,0,0,0,0,0,0,0,,,,0.3007000355862993,,,,,,,0,0,,0,,
600,0,,,,,,0,,0,0,0,0,0,0,0,0,0,0,0,0,,,,,,,1.0,,,,0,0,,0,,
601,0,,,,,,0,,0,0,0,0,0,0,0,0,0,0,0,0,0.4016095147064641,,0.598390485293536,,,,,,,,0,0,,0,,
602,0,,,,,0.34115196930669106,0,,0,0,0,0,0,0,0,0,0,0,0,0,0.22132897011236627,,,,,,,,,0.22429183804474592,0,0,,0,0.2132272225361968,
603,0,0.4054687623268854,,,,,0,,0,0,0,0,0,0,0,0,0,0,0,0,,,,,,,,,,,0,0,,0,,0.5945312376731146
604,0,,,,,,0,,0,0,0,0,0,0,0,0,0,0,0,0,,0.1768986251021639,0.17176723124863474,,,,0.3002447967297221,0.18204991461319547,,,0,0,,0,,0.16903943230628368
605,0,,,,,,0,,0,0,0,0,0,0,0,0,0,0,0,0,0.4365553621498087,0.2801894222771358,,,,,,,,0.2832552155730555,0,0,,0,,
606,0,,,,,,0,,0,0,0,0,0,0,0,0,0,0,0,0,,,,,,,1.0,,,,0,0,,0,,
607,0,,,,,,0,,0,0,0,0,0,0,0,0,0,0,0,0,,,,,,,,,,,0,0,1.0,0,,
608,0,0.10389595412516446,,0.10131681661358476,0.10095261294536284,0.10106546317055733,0,,0,0,0,0,0,0,0,0,0,0,0,0,,,0.10216863679336316,,,,0.17430832811314095,0.10720354577816256,,,0,0,0.10444571052788597,0,,0.1046429319327779
609,0,,,,,,0,,0,0,0,0,0,0,0,0,0,0,0,0,,1.0,,,,,,,,,0,0,,0,,
610,0,,,,,,0,,0,0,0,0,0,0,0,0,0,0,0,0,0.2220313449335644,,,,0.22173547897640047,,,,,,0,0,0.2141342675260762,0,0.3420989085639589,
611,0,,,0.10079765014606863,,0.1026382946856582,0,,0,0,0,0,0,0,0,0,0,0,0,0,,,0.09921858562910266,,,,0.10580039827356996,0.1022653379986038,,0.10627213806689732,0,0,0.10774159747591698,0,0.17274851750379516,0.10251748022038724
612,0,0.13094879680479854,0.12466182450615244,,,0.1265282424929966,0,,0,0,0,0,0,0,0,0,0,0,0,0,,0.12579298261382355,,,,,0.13029371925109676,0.13296478570768205,,,0,0,0.2288096486234501,0,,
613,0,,,,,,0,,0,0,0,0,0,0,0,0,0,0,0,0,,,,,0.3999738857217507,,,,,,0,0,0.6000261142782494,0,,
614,0,,,,,,0,,0,0,0,0,0,0,0,0,0,0,0,0,,,,,,,,,,,0,0,1.0,0,,
615,0,,,,,,0,,0,0,0,0,0,0,0,0,0,0,0,0,,,,,,,,1.0,,,0,0,,0,,
